FID,OBJECTID,SHAPE,ADRESSE,BEZIRK,ZUSATZ,SE_ANNO_CAD_DATA
MULTIMEDIAOGD.1,1,POINT (16.380691151963873 48.212804024067694),"2., Praterstraﬂe 8",2,W6 Ferdinandstraﬂe,
MULTIMEDIAOGD.2,2,POINT (16.318061426218513 48.19029417023689),"14., Mariahilfer Straﬂe 212",14,Technisches Museum/Ebene 4 Multimediastation,
MULTIMEDIAOGD.3,3,POINT (16.353471298234915 48.22260399419681),"9., Nuﬂdorfer Straﬂe 3-5",9,Fluchtgasse,
MULTIMEDIAOGD.4,4,POINT (16.379141144818107 48.202114075388835),"3., Johannesgasse gegen¸ber von 28",3,Stadtpark,
MULTIMEDIAOGD.5,5,POINT (16.358891214525254 48.18117418836018),"5., Matzleinsdorfer Platz ",5,G¸rtel innen,
MULTIMEDIAOGD.6,6,POINT (16.3896510772344 48.19109412176906),"3., Kleistgasse 12",3,W7 Kˆlblgasse,
MULTIMEDIAOGD.7,7,POINT (16.391341094412958 48.20920403401731),"3., Kolonitzplatz 1",3,W7,
MULTIMEDIAOGD.8,8,POINT (16.404221010419597 48.19359410060269),"3., Baumgasse 73",3,Kleingasse,
MULTIMEDIAOGD.9,9,POINT (16.366071191343252 48.18961414378587),"4., Wiedner Hauptstraﬂe 67",4,Johann Strauﬂ Gasse,
MULTIMEDIAOGD.10,10,POINT (16.357711242552405 48.197044113171096),"6., Linke Wienzeile 48-52",6,Joanelligasse,
MULTIMEDIAOGD.11,11,POINT (16.358451243553095 48.20096409455665),"7., Mariahilfer Straﬂe 20",7,,
MULTIMEDIAOGD.12,12,POINT (16.44309089853879 48.250463805802966),"22., Donaufelderstraﬂe 263",22,,
MULTIMEDIAOGD.13,13,POINT (16.36054119233809 48.17079423675462),"10., Troststraﬂe 84",10,,
MULTIMEDIAOGD.14,14,POINT (16.33185133448066 48.172744245114075),"12., Wurmbstraﬂe 50",12,Unter Meidlinger Straﬂe 103,
MULTIMEDIAOGD.15,15,POINT (16.33265134226999 48.18131420354575),"12., Grieshofgasse 20",12,Niederhofstraﬂe,
MULTIMEDIAOGD.16,16,POINT (16.357781220043353 48.18176418602584),"5., Reinprechtsdorfer Straﬂe 1a",5,Leopold Rister Gasse,
MULTIMEDIAOGD.17,17,POINT (16.389071119386305 48.21877398982268),"2., Heinestraﬂe 43",2,W6,
MULTIMEDIAOGD.18,18,POINT (16.358291243952706 48.20078409547374),"6., Mariahilfer Straﬂe 27",6,,
MULTIMEDIAOGD.19,19,POINT (16.37830116129635 48.211554031072154),"1., Schwedenplatz 2",1,W5,
MULTIMEDIAOGD.20,20,POINT (16.35986117560756 48.15634430614342),"10., Neilreichgasse 145",10,Pr‰sentationszelle f¸r Events,
MULTIMEDIAOGD.21,21,POINT (16.36217126012387 48.22559397467786),"9., Julius Tandler Platz 7",9,,
MULTIMEDIAOGD.22,22,POINT (16.262171710700798 48.19799416858704),"14., Keiﬂlergasse ",14,Bahnhofstraﬂe,
MULTIMEDIAOGD.23,23,POINT (16.261241715217366 48.19776416967304),"14., Keiﬂlergasse ",14,vor BAHNHOF H¸tteldorf,
MULTIMEDIAOGD.24,24,POINT (16.382411155590802 48.22201397880513),"2., Heinestraﬂe 2",2,W6 Taborstraﬂe,
MULTIMEDIAOGD.25,25,POINT (16.34461134565072 48.22584398410547),"18., Gertrudplatz 1",18,vor Kirche,
MULTIMEDIAOGD.26,26,POINT (16.344211327500233 48.21078405652231),"8., Josef Matthias Hauer Platz 2",8,Albertgasse /Skodagasse,
MULTIMEDIAOGD.27,27,POINT (16.28688158814996 48.196944157754785),"14., H¸tteldorfer Straﬂe 188",14,Seckendorfgasse,
MULTIMEDIAOGD.28,28,POINT (16.369701224596422 48.22664396496255),"20., Gauﬂplatz 11",20,,
MULTIMEDIAOGD.29,29,POINT (16.33679133868975 48.19296414583698),"15., Dingelstedtgasse 3",15,Maria vom Siege,
MULTIMEDIAOGD.30,30,POINT (16.260911711962116 48.194934183937086),"13., Auhofstraﬂe 192",13,Schloﬂberggasse,
MULTIMEDIAOGD.31,31,POINT (16.385241105122592 48.195084105770206),"3., Rennweg 31",3,vor dem Sacre Coeur,
MULTIMEDIAOGD.32,32,POINT (16.328281365198272 48.182504201375245),"12., Theresienbadgasse ",12,Hufelandgasse,
MULTIMEDIAOGD.33,33,POINT (16.421711070184635 48.298843588510564),"21., Br¸nner Straﬂe 280",21,Schuchardtstraﬂe,
MULTIMEDIAOGD.34,34,POINT (16.313891461139622 48.2004841240552),"14., Sch¸tzplatz gegen¸ber von 8",14,Kienmayergasse,
MULTIMEDIAOGD.35,35,POINT (16.338761334687863 48.19685412585351),"15., Europaplatz ",15,gegen¸ber Aufnahmegeb‰ude U6,
MULTIMEDIAOGD.36,36,POINT (16.364781244437182 48.22334398325411),"9., Seegasse 17",9,Rotenlˆwengasse,
MULTIMEDIAOGD.37,37,POINT (16.309181487895124 48.20333411380351),"16., Kendlerstraﬂe 38",16,,
MULTIMEDIAOGD.38,38,POINT (16.352481270868882 48.19917410627054),"6., Mariahilfer Straﬂe 57-59",6,,
MULTIMEDIAOGD.39,39,POINT (16.356181299192016 48.23278394360951),"9., Liechtenwerder Platz 1",9,,
MULTIMEDIAOGD.40,40,POINT (16.221171924203063 48.20725414952217),"14., Albert Schweitzer Gasse gegen¸ber von 3",14,,
MULTIMEDIAOGD.41,41,POINT (16.260901715979017 48.19786416988134),"14., Keiﬂlergasse ",14,vor BAHNHOF H¸tteldorf Ausgang West,
MULTIMEDIAOGD.42,42,POINT (16.374701209892322 48.23335392959386),"20., Dammstraﬂe 25",20,,
MULTIMEDIAOGD.43,43,POINT (16.34787130710573 48.20969405900708),"8., Josefst‰dter Straﬂe 39",8,,
MULTIMEDIAOGD.44,44,POINT (16.377311191146593 48.22974394493495),"20., Rauscherstraﬂe 13",20,Heistergasse,
MULTIMEDIAOGD.45,45,POINT (16.29047156721783 48.19462416654361),"14., Linzer Straﬂe 180",14,Gusenleithnergasse,
MULTIMEDIAOGD.46,46,POINT (16.36072126153936 48.22146399518134),"9., Porzellangasse 33a",9,F¸rstengasse,
MULTIMEDIAOGD.47,47,POINT (16.336831381525386 48.2236039991892),"18., Johann Nepomuk Vogl Platz gegen¸ber von 9",18,,
MULTIMEDIAOGD.48,48,POINT (16.35552126098335 48.20264408779272),"7., Siebensterngasse 16",7,"Spittelberggasse 1,ab fz62+zufz8",
MULTIMEDIAOGD.49,49,POINT (16.271531581668857 48.13906444376458),"23., Breitenfurter Straﬂe 401-403",23,Stiege 7,
MULTIMEDIAOGD.50,50,POINT (16.325321400814342 48.19750413114988),"15., Huglgasse gegen¸ber von 20",15,,
MULTIMEDIAOGD.51,51,POINT (16.335821352187207 48.19898411801968),"15., Goldschlagstraﬂe 12",15,Pelzgasse,
MULTIMEDIAOGD.52,52,POINT (16.327671431546097 48.22780398479513),"18., Gersthofer Straﬂe gegen¸ber von 23",18,Kreuzgasse,
MULTIMEDIAOGD.53,53,POINT (16.39704107883109 48.218043988842254),"2., Venediger Au 9",2,W6,
MULTIMEDIAOGD.54,54,POINT (16.4140310534916 48.26001377798105),"21., Leopoldauer Straﬂe 75-77",21,,
MULTIMEDIAOGD.55,55,POINT (16.42016102565254 48.26142376752873),"21., Leopoldauer Straﬂe 107-113",21,,
MULTIMEDIAOGD.56,56,POINT (16.316151443772668 48.19642414253291),"15., M‰rzstraﬂe 108",15,Nobilegasse,
MULTIMEDIAOGD.57,57,POINT (16.30249151978885 48.202434121575614),"14., Breitenseer Straﬂe 84",14,Maroltingergasse 1,
MULTIMEDIAOGD.58,58,POINT (16.36581120183696 48.19709410797532),"4., Margaretenstraﬂe 9",4,,
MULTIMEDIAOGD.59,59,POINT (16.316481399582177 48.165354290231036),"12., Altmannsdorfer Straﬂe 78",12,,
MULTIMEDIAOGD.60,60,POINT (16.312801377840106 48.136514429936476),"23., Perfektastraﬂe 67",23,U 6,
MULTIMEDIAOGD.61,61,POINT (16.316531365587952 48.14150440388949),"23., Erlaaer Straﬂe ",23,U-6 gegen¸ber Ausgang,
MULTIMEDIAOGD.62,62,POINT (16.34471127235486 48.173644232741374),"12., Kˆglergasse 2",12,KHUM Kundratstraﬂe,
MULTIMEDIAOGD.63,63,POINT (16.36052123200736 48.19962409926593),"6., Gumpendorfer Straﬂe 15",6,,
MULTIMEDIAOGD.64,64,POINT (16.400630989373564 48.166124234582156),"10., Laaer Wald 30",10,,
MULTIMEDIAOGD.65,65,POINT (16.37014114180206 48.16901423969615),"10., Laxenburger Straﬂe 90a",10,Troststraﬂe,
MULTIMEDIAOGD.66,66,POINT (16.280941571816285 48.16487431465738),"13., Speisinger Straﬂe ",13,Leitenwaldplatz,
MULTIMEDIAOGD.67,67,POINT (16.389041094314308 48.2014040732301),"3., Karl Borrom‰us Platz 3",3,MA 34,
MULTIMEDIAOGD.68,68,POINT (16.319361432592984 48.19892412810296),"15., H¸tteldorfer Straﬂe 81b",15,,
MULTIMEDIAOGD.69,69,POINT (16.360681212938907 48.186444162274405),"5., Zentaplatz 1",5,,
MULTIMEDIAOGD.70,70,POINT (16.371171113624314 48.15190432055193),"10., Josef Enslein Platz ",10,Bullgasse,
MULTIMEDIAOGD.71,71,POINT (16.377601115225232 48.17528420447007),"10., Quellenstraﬂe 66",10,Favoritenstraﬂe,
MULTIMEDIAOGD.72,72,POINT (16.302011418454445 48.128514475203275),"23., Ketzergasse 116",23,Liesinger Flurgasse,
MULTIMEDIAOGD.73,73,POINT (16.33419134146421 48.18622417919494),"15., Diefenbachgasse 19",15,,
MULTIMEDIAOGD.74,74,POINT (16.33730133267435 48.19041415738882),"15., Mariahilfer G¸rtel ",15,Station Gumpendorfer Straﬂe,
MULTIMEDIAOGD.75,75,POINT (16.344091304621344 48.19455413373381),"6., Schmalzhofgasse 28",6,Stumpergasse,
MULTIMEDIAOGD.76,76,POINT (16.34271124799394 48.148394354654386),"23., Richard Strauss Straﬂe 2",23,,
MULTIMEDIAOGD.77,77,POINT (16.36235120995197 48.19013414371937),"4., Mittersteig 19",4,,
MULTIMEDIAOGD.78,78,POINT (16.365471166267742 48.16996423804828),"10., Herzgasse 90",10,Troststraﬂe,
MULTIMEDIAOGD.79,79,POINT (16.333431294873137 48.150154351999376),"23., Purkytgasse gegen¸ber von 10",23,Schubertpark,
MULTIMEDIAOGD.80,80,POINT (16.35413118855442 48.14610435867428),"23., Kolbegasse 44",23,Jochen Rindt Straﬂe 2-12 Stiege 1,
MULTIMEDIAOGD.81,81,POINT (16.375701179090434 48.21464401821155),"2., Obere Donaustraﬂe gegen¸ber von 83",2,W6 Salztorbr¸cke,
MULTIMEDIAOGD.82,82,POINT (16.381851177347993 48.23543391538678),"20., Donaueschingenstraﬂe 5a",20,Durchlaufstraﬂe 1,
MULTIMEDIAOGD.83,83,POINT (16.347481278530704 48.18768416398452),"5., Am Hundsturm gegen¸ber von 5",5,,
MULTIMEDIAOGD.84,84,POINT (16.33098134909524 48.180234210047544),"12., Reschgasse gegen¸ber von 21",12,"U-6 Aufgang,Vivenotgasse",
MULTIMEDIAOGD.85,85,POINT (16.331041349933937 48.181254204829095),"12., Niederhofstraﬂe 37",12,"U-6 Aufgang,Vivenotgasse",
MULTIMEDIAOGD.86,86,POINT (16.27221166214247 48.19881415795491),"14., H¸tteldorfer Straﬂe 359",14,,
MULTIMEDIAOGD.87,87,POINT (16.244831711028187 48.1375744673691),"23., Breitenfurter Straﬂe 535",23,Kalksburg Kirchenplatz,
MULTIMEDIAOGD.88,88,POINT (16.33121135615378 48.18645418004537),"15., Sparkassaplatz 4",15,,
MULTIMEDIAOGD.89,89,POINT (16.32922138368188 48.19839412471931),"15., Benedikt Schellinger Gasse 23",15,M‰rzstraﬂe vor U-3 Station Schweglerstraﬂe,
MULTIMEDIAOGD.90,90,POINT (16.350721217920803 48.155584315432286),"10., Otto Probst Straﬂe 14",10,Einkaufszentrum Tesarekplatz,
MULTIMEDIAOGD.91,91,POINT (16.407801113057882 48.28100368205725),"21., Bernreiterplatz 11",21,,
MULTIMEDIAOGD.92,92,POINT (16.387141154833213 48.238083898877534),"20., Engerthstraﬂe 95-97",20,Donaueschingenstraﬂe,
MULTIMEDIAOGD.93,93,POINT (16.3657712831212 48.25487383276061),"19., Grinzinger Straﬂe 145",19,Heiligenst‰dter Straﬂe,
MULTIMEDIAOGD.94,94,POINT (16.345821337049387 48.22361399356939),"18., Staudgasse gegen¸ber von 5",18,Hans Sachs Gasse,
MULTIMEDIAOGD.95,95,POINT (16.33733136114522 48.2108040601033),"16., Neulerchenfelder Straﬂe 11",16,,
MULTIMEDIAOGD.96,96,POINT (16.364661208895956 48.197644106200094),"4., K¸hnplatz 4",4,,
MULTIMEDIAOGD.97,97,POINT (16.354471262009994 48.19984410223713),"6., Mariahilfer Straﬂe 47",6,,
MULTIMEDIAOGD.98,98,POINT (16.361901288198318 48.24488388226),"19., Heiligenst‰dter Straﬂe 78",19,Gunoldstraﬂe,
MULTIMEDIAOGD.99,99,POINT (16.363161201019498 48.18633416132454),"5., Wiedner Hauptstraﬂe 100",5,,
MULTIMEDIAOGD.100,100,POINT (16.405311112622947 48.271743727377164),"21., Lundenburgergasse 2",21,Br¸nner Straﬂe,
MULTIMEDIAOGD.101,101,POINT (16.344431306539544 48.19679412320241),"6., Mariahilfer Straﬂe 109",6,,
MULTIMEDIAOGD.102,102,POINT (16.326231429444043 48.2211840173989),"17., Gschwandnergasse 60",17,Rˆtzergasse,
MULTIMEDIAOGD.103,103,POINT (16.377601204003206 48.23956389765519),"20., Hˆchst‰dtplatz 5",20,,
MULTIMEDIAOGD.104,104,POINT (16.34192131818943 48.196284127150875),"6., Mariahilfer Straﬂe 119",6,,
MULTIMEDIAOGD.105,105,POINT (16.39095108758091 48.20284406542148),"3., Rochusplatz ",3,W7 U-3 Aufgang Rasumofskygasse bei PA,
MULTIMEDIAOGD.106,106,POINT (16.32821138754787 48.19808412697404),"15., Schweglerstraﬂe 23",15,M‰rzstraﬂe,
MULTIMEDIAOGD.107,107,POINT (16.420761036653793 48.27123372067954),"21., Siemensstraﬂe 85",21,Thayagasse,
MULTIMEDIAOGD.108,108,POINT (16.394761140621704 48.254203817317794),"21., Floridsdorfer Hauptstraﬂe 10",21,Matth‰us Jiszda Straﬂe,
MULTIMEDIAOGD.109,109,POINT (16.393001086029138 48.20851403705734),"3., Lˆwengasse 22",3,W7 PA1035,
MULTIMEDIAOGD.110,110,POINT (16.341711383357346 48.242343906739876),"19., Obkirchergasse 16",19,Sonnbergplatz,
MULTIMEDIAOGD.111,111,POINT (16.307301518147618 48.21796404496948),"16., Wilhelminenstraﬂe 94",16,,
MULTIMEDIAOGD.112,112,POINT (16.39113107391284 48.193554108944944),"3., Boerhaavegasse ",3,Rennweg 63,
MULTIMEDIAOGD.113,113,POINT (16.35300131315755 48.23125395262711),"9., W‰hringer G¸rtel gegen¸ber von 164",9,vor U-6 Station Nuﬂdorfer Straﬂe,
MULTIMEDIAOGD.114,114,POINT (16.298941513984843 48.186484200024815),"13., Hietzinger Hauptstraﬂe 19",13,Verkehrsinsel Dommayergasse,
MULTIMEDIAOGD.115,115,POINT (16.32972135657985 48.18120420665629),"12., Meidlinger Hauptstraﬂe 17",12,,
MULTIMEDIAOGD.116,116,POINT (16.371871137667696 48.171354226929154),"10., Inzersdorfer Straﬂe 34",10,Laxenburger Straﬂe Merkur Markt,
MULTIMEDIAOGD.117,117,POINT (16.327951361908728 48.178344221353306),"12., Pohlgasse 12",12,PA1123,
MULTIMEDIAOGD.118,118,POINT (16.285661555690293 48.16946428963594),"13., Speisinger Straﬂe 41",13,PA1134,
MULTIMEDIAOGD.119,119,POINT (16.397961129272097 48.257973797459385),"21., Am Spitz 2-3",21,Schloﬂhofer Straﬂe,
MULTIMEDIAOGD.120,120,POINT (16.387441108535374 48.20516405610766),"3., Landstraﬂer Hauptstraﬂe 10",3,W7 G‰rtnergasse,
MULTIMEDIAOGD.121,121,POINT (16.274021645491715 48.193104184469675),"14., Hochsatzengasse 1A",14,Hackinger Straﬂe,
MULTIMEDIAOGD.122,122,POINT (16.395861136575657 48.2559538084351),"21., Floridsdorfer Hauptstraﬂe 31",21,Wolfschanzengasse,
MULTIMEDIAOGD.123,123,POINT (16.354471258911804 48.19788411164613),"6., Schadekgasse 2",6,Fritz Gr¸nbaumplatz,
MULTIMEDIAOGD.124,124,POINT (16.395791144004672 48.26056378640065),"21., Prager Straﬂe 20",21,Gerichtsgasse,
MULTIMEDIAOGD.125,125,POINT (16.355511269611604 48.209094057148846),"1., Stadiongasse 11",1,Halle Eingang Rest.,
MULTIMEDIAOGD.126,126,POINT (16.384721071971587 48.16938422894455),"10., Laaer Berg Straﬂe 32",10,,
MULTIMEDIAOGD.127,127,POINT (16.330471341706843 48.17329424395719),"12., Schedifkaplatz ",12,"U-6,Badner Bahn,Haidackergasse",
MULTIMEDIAOGD.128,128,POINT (16.361941217806713 48.19421412438831),"4., Kettenbr¸ckengasse 2",4,W6,
MULTIMEDIAOGD.129,129,POINT (16.352341254741344 48.187764160841),"5., Margaretenstraﬂe 125",5,,
MULTIMEDIAOGD.130,130,POINT (16.249321795807703 48.21461409687006),"14., H¸ttelbergstraﬂe 71",14,Knˆdelh¸ttenstraﬂe,
MULTIMEDIAOGD.131,131,POINT (16.31767137377471 48.151074357673494),"23., Anton Baumgartner Straﬂe 119",23,Erlaaer Schleife,
MULTIMEDIAOGD.132,132,POINT (16.31123146452121 48.19344415905163),"14., Linzer Straﬂe 42",14,Reinlgasse,
MULTIMEDIAOGD.133,133,POINT (16.401781119982964 48.26490376184105),"21., Br¸nnerstraﬂe 53",21,vor PA 1210/Autobahnabfahrt,
MULTIMEDIAOGD.134,134,POINT (16.390331101435915 48.21095402675359),"3., Radetzkyplatz 5",3,,
MULTIMEDIAOGD.135,135,POINT (16.34845127990872 48.19198414327031),"6., Grabnergasse 15",6,Gumpendorfer Straﬂe,
MULTIMEDIAOGD.136,136,POINT (16.363671169318266 48.16600425765237),"10., Neilreichgasse 105",10,,
MULTIMEDIAOGD.137,137,POINT (16.354851313608908 48.239013914728694),"19., Dˆblinger Hauptstraﬂe 66",19,,
MULTIMEDIAOGD.138,138,POINT (16.324361381903742 48.180204214341025),"12., Aichholzgasse 23-25",12,Tivoligasse,
MULTIMEDIAOGD.139,139,POINT (16.224101912003935 48.20889414032931),"14., Hauptstraﬂe 35",14,,
MULTIMEDIAOGD.140,140,POINT (16.335211347824135 48.19428414004984),"15., Mariahilfer Straﬂe 146",15,Zwˆlfergasse,
MULTIMEDIAOGD.141,141,POINT (16.409601073765042 48.2589637859066),"21., Leopoldauer Straﬂe 39",21,Pilzgasse,
MULTIMEDIAOGD.142,142,POINT (16.294551565398393 48.20730410344799),"14., Flˆtzersteig ",14,bei Fuﬂg‰ngerbr¸cke,
MULTIMEDIAOGD.143,143,POINT (16.41361104621564 48.25294381212524),"21., Donaufelder Straﬂe 44",21,Fultonstraﬂe 31,
MULTIMEDIAOGD.144,144,POINT (16.310251406981592 48.14899437220335),"23., Anton Baumgartner Straﬂe 133-135",23,,
MULTIMEDIAOGD.145,145,POINT (16.30193151599654 48.19816414222501),"14., Heinrich-Collin-Straﬂe 2",14,H¸tteldorfer Straﬂe,
MULTIMEDIAOGD.146,146,POINT (16.335291334914693 48.18540418255513),"12., Stiegerbr¸cke ",12,U-6 Ost,
MULTIMEDIAOGD.147,147,POINT (16.307971431946708 48.15922432468351),"23., Breitenfurter Straﬂe 116",23,,
MULTIMEDIAOGD.148,148,POINT (16.394031076707996 48.205504050132326),"3., Rasumofskygasse 9-11",3,,
MULTIMEDIAOGD.149,149,POINT (16.25884172675393 48.19826416929789),"14., Brudermanngasse 18",14,Keiﬂlergasse,
MULTIMEDIAOGD.150,150,POINT (16.337741314010618 48.17885421234446),"12., Aﬂmayergasse 35",12,vor Kindertagesheim,
MULTIMEDIAOGD.151,151,POINT (16.339411324107413 48.19171415018148),"6., Strohmayergasse 15",6,,
MULTIMEDIAOGD.152,152,POINT (16.306761513339552 48.21330406753283),"16., Thaliastraﬂe 147",16,,
MULTIMEDIAOGD.153,153,POINT (16.3343013389012 48.18429418882798),"12., Schˆnbrunner Straﬂe gegen¸ber von 223",12,U-6 West gegen¸ber Gierstergasse,
MULTIMEDIAOGD.154,154,POINT (16.369961188711773 48.20213408101738),"1., K‰rntner Ring 2a",1,W5,
MULTIMEDIAOGD.155,155,POINT (16.387631186270422 48.26214378397485),"21., Jedleseer Straﬂe 82-84",21,,
MULTIMEDIAOGD.156,156,POINT (16.393261163693012 48.26594376239347),"21., Prager Straﬂe 38",21,Koloniestraﬂe 2,
MULTIMEDIAOGD.157,157,POINT (16.319771452278776 48.21508405099026),"16., Wattgasse 27",16,Wilhelminenstraﬂe,
MULTIMEDIAOGD.158,158,POINT (16.33565133206082 48.1846041867729),"12., L‰ngenfeldgasse 4",12,Schˆnbrunner Straﬂe,
MULTIMEDIAOGD.159,159,POINT (16.377311111688947 48.17200422020292),"10., Antonsplatz 27",10,,
MULTIMEDIAOGD.160,160,POINT (16.27969157557472 48.1632443228446),"13., Speisinger Straﬂe 113c",13,,
MULTIMEDIAOGD.161,161,POINT (16.330521384660337 48.20444409455884),"15., Gablenzgasse 19",15,Markgraf R¸diger Straﬂe,
MULTIMEDIAOGD.162,162,POINT (16.396190996345414 48.1554242876264),"10., Laaer Berg Straﬂe 173",10,,
MULTIMEDIAOGD.163,163,POINT (16.29842152810393 48.19411416422431),"14., Linzer Straﬂe 128",14,,
MULTIMEDIAOGD.164,164,POINT (16.38697112549831 48.21592400479021),"2., Praterstraﬂe 52",2,W6 gegen¸ber Rotensterngasse,
MULTIMEDIAOGD.165,165,POINT (16.35850123257931 48.19332413051783),"5., Schˆnbrunner Straﬂe 31",5,Strohbachgasse,
MULTIMEDIAOGD.166,166,POINT (16.319361434705332 48.20098411812274),"15., Johnstraﬂe 58",15,Oeverseestraﬂe,
MULTIMEDIAOGD.167,167,POINT (16.245221800258435 48.20330415338008),"14., Linzer Straﬂe 451",14,Utendorfgasse,
MULTIMEDIAOGD.168,168,POINT (16.283451602315264 48.19496416952866),"14., Linzer Straﬂe 257",14,Gruschaplatz,
MULTIMEDIAOGD.169,169,POINT (16.309051494987937 48.20764409257115),"16., Gutraterplatz 2",16,,
MULTIMEDIAOGD.170,170,POINT (16.33498132590911 48.17716422200154),"12., Wilhelmstraﬂe 32",12,Dˆrfelstraﬂe vor Schule,
MULTIMEDIAOGD.171,171,POINT (16.29604147252226 48.146204394011214),"23., Breitenfurter Straﬂe gegen¸ber von 242",23,Levasseurgasse,
MULTIMEDIAOGD.172,172,POINT (16.417600933570757 48.18577412962583),"11., Guglgasse ",11,u3 Gasometer Vorplatz Dˆblerhofstraﬂe,
MULTIMEDIAOGD.173,173,POINT (16.411951005857322 48.21814397860772),"2., Engerthstraﬂe 235",2,W6 Elderschplatz,
MULTIMEDIAOGD.174,174,POINT (16.380761133266653 48.2002940835663),"3., Traungasse 2",3,,
MULTIMEDIAOGD.175,175,POINT (16.37078113998244 48.169134238263545),"10., Laxenburger Straﬂe 117-119",10,Troststraﬂe,
MULTIMEDIAOGD.176,176,POINT (16.371031221537724 48.229663949307245),"20., Wallensteinplatz 8",20,,
MULTIMEDIAOGD.177,177,POINT (16.385351097464138 48.19014412891048),"3., Fasangasse 38",3,,
MULTIMEDIAOGD.178,178,POINT (16.346861312865734 48.21011405781248),"8., Schˆnborngasse 2",8,Josefst‰dter Straﬂe,
MULTIMEDIAOGD.179,179,POINT (16.376791145401576 48.19455411315908),"4., Prinz Eugen Straﬂe ",4,Plˆﬂlgasse,
MULTIMEDIAOGD.180,180,POINT (16.416250923982545 48.17423418543037),"11., Grillgasse 2",11,Simmeringer Hauptstraﬂe,
MULTIMEDIAOGD.181,181,POINT (16.39999112469832 48.26141377989526),"21., Br¸nner Straﬂe 24-32",21,,
MULTIMEDIAOGD.182,182,POINT (16.348711300591646 48.20794406658759),"8., Pfeilgasse 1",8,Strozzigasse,
MULTIMEDIAOGD.183,183,POINT (16.399101126997333 48.259903787485946),"21., Angerer Straﬂe 2",21,Br¸nner Straﬂe,
MULTIMEDIAOGD.184,184,POINT (16.318871426536788 48.1929541571978),"15., Felberstraﬂe 110",15,Fenzlgasse,
MULTIMEDIAOGD.185,185,POINT (16.456340857227467 48.26747371682139),"21., Seyringer Straﬂe 19",21,,
MULTIMEDIAOGD.186,186,POINT (16.336891369120814 48.21485404104814),"16., Ottakringer Straﬂe 25",16,Brunnengasse,
MULTIMEDIAOGD.187,187,POINT (16.320571436442506 48.206214093030475),"16., Br¸ﬂlgasse 2",16,Gablenzgasse,
MULTIMEDIAOGD.188,188,POINT (16.3685911744465 48.18636415781675),"4., Alois Drasche Park 5",4,Kolschitzkygasse 23,
MULTIMEDIAOGD.189,189,POINT (16.31180146598193 48.19659414378354),"14., M‰rzstraﬂe gegen¸ber von 132",14,Reinlgasse,
MULTIMEDIAOGD.190,190,POINT (16.31088146943667 48.19571414885161),"14., Goldschlagstraﬂe 137",14,Gurkgasse,
MULTIMEDIAOGD.191,191,POINT (16.343711302159456 48.1908541515846),"6., Gumpendorfer Straﬂe 118",6,Lutherplatz,
MULTIMEDIAOGD.192,192,POINT (16.346061299115426 48.19714412039351),"7., Mariahilfer Straﬂe 90",7,,
MULTIMEDIAOGD.193,193,POINT (16.37740117435453 48.217844002097785),"2., Haidgasse 3",2,W6 Leopoldsgasse gegen¸ber 37,
MULTIMEDIAOGD.194,194,POINT (16.34183131926704 48.19637412661977),"7., Mariahilfer Straﬂe 120",7,,
MULTIMEDIAOGD.195,195,POINT (16.354201243211573 48.18566416987249),"5., Reinprechtsdorfer Straﬂe 40",5,,
MULTIMEDIAOGD.196,196,POINT (16.31630135352055 48.131714451145335),"23., Karl Tornay Gasse 37-43",23,Akaziengasse,
MULTIMEDIAOGD.197,197,POINT (16.32978135574176 48.18023421110104),"12., Meidlinger Hauptstraﬂe 23-25",12,Reschgasse,
MULTIMEDIAOGD.198,198,POINT (16.31975141178788 48.185504192190955),"13., Schˆnbrunner Br¸cke ",13,Schˆnbrunn U 4,
MULTIMEDIAOGD.199,199,POINT (16.363891197672093 48.186724159126896),"5., Wiedner Hauptstraﬂe 87",5,,
MULTIMEDIAOGD.200,200,POINT (16.36360119417886 48.18347417430807),"5., Gassergasse 28",5,Kliebergasse,
MULTIMEDIAOGD.201,201,POINT (16.344941291144078 48.18765416586414),"5., Schˆnbrunner Straﬂe 141",5,St. Johannagasse,
MULTIMEDIAOGD.202,202,POINT (16.3391313752837 48.22724398030019),"18., W‰hringer Straﬂe gegen¸ber von 146",18,Teschnergasse /Schubertpark,
MULTIMEDIAOGD.203,203,POINT (16.32476135387636 48.16144430413159),"12., Am Schˆpfwerk ",12,U-6 Station,
MULTIMEDIAOGD.204,204,POINT (16.348731341272153 48.23717392717072),"19., Peter Jordan Straﬂe 2",19,Billrothstraﬂe,
MULTIMEDIAOGD.205,205,POINT (16.394321111050576 48.23182392504221),"2., Engerthstraﬂe 150",2,W6 Stiege 3,
MULTIMEDIAOGD.206,206,POINT (16.34557132625054 48.2151840346126),"8., Feldgasse 23",8,Alser Straﬂe,
MULTIMEDIAOGD.207,207,POINT (16.38077119683147 48.24610386531055),"20., Friedrich Engels Platz 12",20,Wehlistraﬂe,
MULTIMEDIAOGD.208,208,POINT (16.37775111241752 48.1740542108625),"10., Reumannplatz gegen¸ber von 13",10,vor Tichy,
MULTIMEDIAOGD.209,209,POINT (16.37884110622251 48.173864210516975),"10., Reumannplatz ",10,Amalienbad,
MULTIMEDIAOGD.210,210,POINT (16.378371107978978 48.173114214976806),"10., Reumannplatz 6",10,,
MULTIMEDIAOGD.211,211,POINT (16.288951509784876 48.14798438986239),"23., Endresstraﬂe 27",23,,
MULTIMEDIAOGD.212,212,POINT (16.359131234741966 48.196734113940835),"5., Kettenbr¸ckengasse ",5,U-4,
MULTIMEDIAOGD.213,213,POINT (16.35456125115381 48.19281413548588),"5., Pilgrambr¸cke ",5,,
MULTIMEDIAOGD.214,214,POINT (16.32989134943491 48.17689422641977),"12., Ratschkygasse 1",12,Meidlinger Hauptstraﬂe,
MULTIMEDIAOGD.215,215,POINT (16.32991135740553 48.18253419975807),"12., Meidlinger Hauptstraﬂe 5",12,gegen¸ber Hufelandgasse,
MULTIMEDIAOGD.216,216,POINT (16.329921351849077 48.17883421768615),"12., Meidlinger Hauptstraﬂe 35",12,,
MULTIMEDIAOGD.217,217,POINT (16.358231225521575 48.187004161073354),"5., Ramperstorffergasse 32",5,,
MULTIMEDIAOGD.218,218,POINT (16.367091190135245 48.19229413014953),"4., Mayerhofgasse 22",4,PA1042 Wiedner Hauptstraﬂe,
MULTIMEDIAOGD.219,219,POINT (16.33133133993002 48.17469423625514),"12., Wilhelmstraﬂe 66",12,"U-6,Eichenstraﬂe",
MULTIMEDIAOGD.220,220,POINT (16.34938126736412 48.18558417324515),"5., Einsiedlerplatz gegen¸ber von 15",5,Bad,
MULTIMEDIAOGD.221,221,POINT (16.337301351499086 48.20413409175204),"7., Burggasse 125",7,vor U-6 Station Burggasse,
MULTIMEDIAOGD.222,222,POINT (16.364981279913195 48.24972385764783),"19., Boschstraﬂe gegen¸ber von 13",19,,
MULTIMEDIAOGD.223,223,POINT (16.40739107806404 48.25380381130794),"21., Kinzerplatz 24",21,,
MULTIMEDIAOGD.224,224,POINT (16.446670897873904 48.262473745912466),"21., Leopoldauer Platz 50",21,Aderklaaer Straﬂe,
MULTIMEDIAOGD.225,225,POINT (16.35655127397069 48.21631402224865),"9., Schwarzspanierstraﬂe 8",9,PA1096,
MULTIMEDIAOGD.226,226,POINT (16.349011291447955 48.20184409614661),"7., Neubaugasse 37",7,Westbahnstraﬂe,
MULTIMEDIAOGD.227,227,POINT (16.358031250596603 48.204854075429616),"7., Museumsplatz 1",7,Burggasse 1,
MULTIMEDIAOGD.228,228,POINT (16.330411377997727 48.19880412144463),"15., Reithofferplatz 13",15,M‰rzstraﬂe,
MULTIMEDIAOGD.229,229,POINT (16.34495131018735 48.20166409947088),"7., Zieglergasse gegen¸ber von 33a",7,Westbahnstraﬂe,
MULTIMEDIAOGD.230,230,POINT (16.318711456908407 48.214024056654715),"16., Familienplatz 1",16,Wattgasse,
MULTIMEDIAOGD.231,231,POINT (16.3405012998106 48.17809421486081),"12., L‰ngenfeldgasse 66",12,,
MULTIMEDIAOGD.232,232,POINT (16.321721418795793 48.197384133785505),"15., Meiselstraﬂe 7",15,Krˆllgasse 33,
MULTIMEDIAOGD.233,233,POINT (16.299641461294033 48.1503843720021),"23., Breitenfurter Straﬂe 188",23,,
MULTIMEDIAOGD.234,234,POINT (16.403471116836123 48.268143745894776),"21., Br¸nner Straﬂe 59",21,vor Eingang Schnellbahnhof,
MULTIMEDIAOGD.235,235,POINT (16.424700862051626 48.15907425337635),"11., Wilhelm Kress Platz 29-30",11,Stiege 77,
MULTIMEDIAOGD.236,236,POINT (16.384201238881563 48.28832366146103),"21., Ruﬂbergstraﬂe 10",21,PA1215 Berlagasse 7-11,
MULTIMEDIAOGD.237,237,POINT (16.328951396333014 48.20725408233766),"16., Koppstraﬂe 37",16,Haberlgasse,
MULTIMEDIAOGD.238,238,POINT (16.342251297307186 48.182844191063964),"12., Steinbauergasse 22",12,Wolfganggasse,
MULTIMEDIAOGD.239,239,POINT (16.451330886382483 48.27132370144244),"21., Herzmanovsky Orlando Gasse 5",21,Stiege 18/Gitlbauergasse,
MULTIMEDIAOGD.240,240,POINT (16.36437124030129 48.218894004794805),"9., Berggasse 25",9,,
MULTIMEDIAOGD.241,241,POINT (16.3500112807218 48.19821411270119),"6., Mariahilfer Straﬂe 75",6,,
MULTIMEDIAOGD.242,242,POINT (16.314761415240703 48.17109426347692),"12., Altmannsdorfer Straﬂe 26",12,Laskegasse,
MULTIMEDIAOGD.243,243,POINT (16.39689106754533 48.20977402795398),"2., Sch¸ttelstraﬂe 19d",2,W6 Josef Gall Gasse,
MULTIMEDIAOGD.244,244,POINT (16.45345087636237 48.2714836992044),"21., Adolf Loos Gasse 6",21,Stiege 16,
MULTIMEDIAOGD.245,245,POINT (16.36594114877743 48.158734291030484),"10., Sibeliusstraﬂe 2a",10,Laxenburger Straﬂe Einkaufszentrum,
MULTIMEDIAOGD.246,246,POINT (16.36958115784718 48.17867419397742),"10., Gudrunstraﬂe ",10,Van der N¸ll Gasse,
MULTIMEDIAOGD.247,247,POINT (16.39548108994415 48.220773977077656),"2., Lassallestraﬂe 1",2,W6 vor IBM Neubau gegen¸ber Venediger Au,
MULTIMEDIAOGD.248,248,POINT (16.370721226395865 48.23156394065951),"20., Brigittaplatz gegen¸ber von 23",20,,
MULTIMEDIAOGD.249,249,POINT (16.35838126283889 48.214484029909734),"9., Rooseveltplatz ",9,Sigmund Freud Park/Universit‰tsstraﬂe,
MULTIMEDIAOGD.250,250,POINT (16.38070115700342 48.21639400707931),"2., Taborstraﬂe 22",2,W6,
MULTIMEDIAOGD.251,251,POINT (16.407600993659084 48.19403409665245),"3., Markhofgasse ",3,U-3 Aufgang W¸rtzlerstraﬂe Autobusbahnhof,
MULTIMEDIAOGD.252,252,POINT (16.36891115755962 48.17600420703289),"10., Quellenstraﬂe 104",10,,
MULTIMEDIAOGD.253,253,POINT (16.407751078236075 48.25499380596345),"21., Hoﬂplatz gegen¸ber von 12",21,,
MULTIMEDIAOGD.254,254,POINT (16.40525093354359 48.14215434534126),"10., Kurbadstraﬂe 10",10,PA1107 WIG S¸deingang,
MULTIMEDIAOGD.255,255,POINT (16.377081118621696 48.17642419924884),"10., Viktor Adler Platz gegen¸ber von 1",10,,
MULTIMEDIAOGD.256,256,POINT (16.342341304738415 48.18823416474963),"5., Margareteng¸rtel ",5,U-4,
MULTIMEDIAOGD.257,257,POINT (16.315051453660338 48.19910412988883),"14., H¸tteldorfer Straﬂe 90",14,Kuefsteingasse,
MULTIMEDIAOGD.258,258,POINT (16.326341417591443 48.21273405764917),"16., Johann Nepomuk Berger Platz gegen¸ber von 1",16,,
MULTIMEDIAOGD.259,259,POINT (16.355761256603856 48.200304098620535),"7., Mariahilfer Straﬂe 26-30",7,,
MULTIMEDIAOGD.260,260,POINT (16.374951149146327 48.19087413167918),"4., Elisabethplatz gegen¸ber von 9",4,,
MULTIMEDIAOGD.261,261,POINT (16.306481423930332 48.14815437840524),"23., Gregorygasse ",23,Erlaaer Straﬂe,
MULTIMEDIAOGD.262,262,POINT (16.409790985487483 48.19606408564744),"3., Ludwig Kˆﬂler Platz 3",3,,
MULTIMEDIAOGD.263,263,POINT (16.399821034716734 48.19602409207226),"3., Rabengasse 10",3,,
MULTIMEDIAOGD.264,264,POINT (16.400011027507556 48.191594113340926),"3., Landstraﬂer Hauptstraﬂe 61",3,,
MULTIMEDIAOGD.265,265,POINT (16.33892135442902 48.211844053993914),"16., Lerchenfelder G¸rtel gegen¸ber von 55",16,KHRT vor U-6 Josefst‰dter Straﬂe,
MULTIMEDIAOGD.266,266,POINT (16.34718131899553 48.21523403322153),"8., Alser Straﬂe 43",8,,
MULTIMEDIAOGD.267,267,POINT (16.343311326405775 48.20746407296834),"7., Schottenfeldgasse 96",7,,
MULTIMEDIAOGD.268,268,POINT (16.399491122340276 48.25799379694537),"21., Pius Parsch Platz 12",21,Schloﬂhofer Straﬂe 9,
MULTIMEDIAOGD.269,269,POINT (16.35302132298818 48.23917391555665),"19., Gatterburggasse gegen¸ber von 17",19,,
MULTIMEDIAOGD.270,270,POINT (16.39575105508045 48.196684091228434),"3., Juchgasse 2",3,W7 Landstraﬂer Hauptstraﬂe,
MULTIMEDIAOGD.271,271,POINT (16.349361321640664 48.22495398568425),"9., W‰hringer G¸rtel gegen¸ber von 100",9,,
MULTIMEDIAOGD.272,272,POINT (16.3216114830085 48.243113915883384),"19., Krottenbachstraﬂe 171",19,Felix-Dahn-Straﬂe,
MULTIMEDIAOGD.273,273,POINT (16.34836130819046 48.21197404761252),"8., Florianigasse 37",8,,
MULTIMEDIAOGD.274,274,POINT (16.420841072204556 48.29732359613709),"21., Br¸nner Straﬂe 260",21,Johann Weber Straﬂe 27-29,
MULTIMEDIAOGD.275,275,POINT (16.35244129236599 48.21515403001043),"9., Alser Straﬂe 4",9,Hof 1,
MULTIMEDIAOGD.276,276,POINT (16.307731492425916 48.201834121405525),"14., Breitenseer Straﬂe 31",14,vor Josefinum,
MULTIMEDIAOGD.277,277,POINT (16.31602148210269 48.22361401219465),"17., Hernalser Hauptstraﬂe 172",17,Dittersdorfgasse,
MULTIMEDIAOGD.278,278,POINT (16.34333134616064 48.22184400349742),"18., W‰hringer G¸rtel 41",18,,
MULTIMEDIAOGD.279,279,POINT (16.356061288846302 48.22509398066943),"9., Alserbachstraﬂe 5",9,,
MULTIMEDIAOGD.280,280,POINT (16.28602158888951 48.19433417128713),"14., Zehetnergasse 17",14,Linzer Straﬂe 241,
MULTIMEDIAOGD.281,281,POINT (16.302641512683447 48.198174142542086),"14., H¸tteldorfer Straﬂe 130",14,Leyserstraﬂe,
MULTIMEDIAOGD.282,282,POINT (16.353251298822478 48.22198399695192),"9., W‰hringer Straﬂe gegen¸ber von 52",9,,
MULTIMEDIAOGD.283,283,POINT (16.360151262389525 48.220723999052964),"9., Liechtensteinstraﬂe 37",9,Bauernfeldplatz,
MULTIMEDIAOGD.284,284,POINT (16.410171097953448 48.27868369121448),"21., Br¸nner Straﬂe 140",21,MaPo,
MULTIMEDIAOGD.285,285,POINT (16.36573120610985 48.19985409532719),"6., Getreidemarkt 1",6,,
MULTIMEDIAOGD.286,286,POINT (16.408181106203983 48.276803701131236),"21., Frauenstiftgasse 12",21,Br¸nner Straﬂe,
MULTIMEDIAOGD.287,287,POINT (16.389311101543328 48.20697404670379),"3., Kollergasse 22",3,Marxergasse,
MULTIMEDIAOGD.288,288,POINT (16.410200961255452 48.17975416346157),"11., Simmeringer Hauptstraﬂe 40",11,Geistraﬂe /Stiege 3,
MULTIMEDIAOGD.289,289,POINT (16.31104142800594 48.16676428685282),"12., Hetzendorfer Straﬂe 76",12,PA1125,
MULTIMEDIAOGD.290,290,POINT (16.358131231349986 48.19120414111589),"5., Margaretenstraﬂe 79",5,,
MULTIMEDIAOGD.291,291,POINT (16.405281093505923 48.257713794002),"21., Leopoldauer Straﬂe 8",21,,
MULTIMEDIAOGD.292,292,POINT (16.37612118456072 48.22050398991824),"2., Leopoldsgasse 13-15",2,W6,
MULTIMEDIAOGD.293,293,POINT (16.35587131711404 48.244713886799495),"19., Hohe Warte 6",19,Barawitzkagasse,
MULTIMEDIAOGD.294,294,POINT (16.348471287897944 48.19765411596685),"6., Mariahilfer Straﬂe 85-87",6,,
MULTIMEDIAOGD.295,295,POINT (16.365131171720698 48.1724042261475),"10., Inzersdorfer Straﬂe 83",10,,
MULTIMEDIAOGD.296,296,POINT (16.369871222105743 48.22590396779866),"2., Gauﬂplatz 2",2,W6,
MULTIMEDIAOGD.297,297,POINT (16.385951142141902 48.22478396376395),"2., Am Tabor gegen¸ber von 14",2,W6 Trunnerstraﬂe,
MULTIMEDIAOGD.298,298,POINT (16.373251136807955 48.17580420528147),"10., Quellenplatz 9",10,,
MULTIMEDIAOGD.299,299,POINT (16.360361256018965 48.21621402042807),"9., W‰hringer Straﬂe 10",9,T¸rkenstraﬂe,
MULTIMEDIAOGD.300,300,POINT (16.387601098136308 48.199114085153504),"3., Neulinggasse 28",3,Ungargasse,
MULTIMEDIAOGD.301,301,POINT (16.31156147039638 48.19896413306992),"14., H¸tteldorfer Straﬂe 123",14,,
MULTIMEDIAOGD.302,302,POINT (16.335341392588557 48.22637398719087),"18., Schopenhauerstraﬂe 79",18,Vinzenzgasse 5,
MULTIMEDIAOGD.303,303,POINT (16.256151745662446 48.20222415193131),"14., Linzer Straﬂe 424",14,vor Kirche,
MULTIMEDIAOGD.304,304,POINT (16.34228134484831 48.21708402731299),"9., Hernalser G¸rtel ",9,vor U-6 Station Alser Straﬂe,
MULTIMEDIAOGD.305,305,POINT (16.252761769707895 48.20735412984428),"14., Anzbachgasse 2",14,Wolfersberggasse 13,
MULTIMEDIAOGD.306,306,POINT (16.37692112070573 48.17703419665605),"10., Viktor Adler Platz gegen¸ber von 10",10,WC-Anlage,
MULTIMEDIAOGD.307,307,POINT (16.304921535256728 48.222514024519356),"16., Matteottiplatz 3",16,,
MULTIMEDIAOGD.308,308,POINT (16.32534142226822 48.21269405895605),"16., Johann Nepomuk Berger Platz gegen¸ber von 10",16,,
MULTIMEDIAOGD.309,309,POINT (16.306131489087168 48.193784161234305),"14., Linzer Straﬂe 74",14,Missindorfstraﬂe,
MULTIMEDIAOGD.310,310,POINT (16.34237135897044 48.22697397967272),"18., Martinstraﬂe 100",18,Gentzgasse,
MULTIMEDIAOGD.311,311,POINT (16.32985138475684 48.20213410600298),"15., Burjanplatz ",15,Markgraf-R¸diger-Straﬂe,
MULTIMEDIAOGD.312,312,POINT (16.34826135195467 48.24302390010377),"19., Billrothstraﬂe 78",19,,
MULTIMEDIAOGD.313,313,POINT (16.40616103362062 48.21806398270467),"2., Ausstellungsstraﬂe 53",2,W6 Sebastian Kneipp Gasse,
MULTIMEDIAOGD.314,314,POINT (16.56163014042324 48.12001435501852),"30., Flughafen ",30,Objekt 105 Terminal 1 Mitte,
MULTIMEDIAOGD.315,315,POINT (16.357091209472028 48.17115423746467),"10., Guﬂriegelstraﬂe 45",10,,
MULTIMEDIAOGD.316,316,POINT (16.355791255252125 48.20023409947974),"6., Mariahilfer Straﬂe 41-43",6,,
MULTIMEDIAOGD.317,317,POINT (16.353181267937874 48.19951410410292),"7., Mariahilfer Straﬂe 42-48",7,,
MULTIMEDIAOGD.318,318,POINT (16.30170156823918 48.235003967404026),"17., Czartoryskigasse gegen¸ber von 229",17,Molnargasse,
MULTIMEDIAOGD.319,319,POINT (16.303941515464803 48.20487410966038),"16., Maroltingergasse 26-30",16,Josef Weinheber Platz 6,
MULTIMEDIAOGD.320,320,POINT (16.310031493700635 48.21031407954384),"16., Rankgasse 2",16,,
MULTIMEDIAOGD.321,321,POINT (16.373971168115425 48.20126408283469),"1., K‰rntner Ring 18",1,,
MULTIMEDIAOGD.322,322,POINT (16.30900149123677 48.20522410420231),"16., Adolf Czettel Gasse gegen¸ber von 1",16,U3 Ausgang Opfermanngasse,
MULTIMEDIAOGD.323,323,POINT (16.28979159548504 48.2125640817845),"16., Johann Staud Straﬂe 13",16,Demuthgasse,
MULTIMEDIAOGD.324,324,POINT (16.336881366959112 48.2139240459952),"16., Payergasse 10",16,Yppenplatz,
MULTIMEDIAOGD.325,325,POINT (16.277011636171174 48.196984163873545),"14., Hochsatzengasse 19",14,Linzer Straﬂe 280,
MULTIMEDIAOGD.326,326,POINT (16.41540100875961 48.232563907719765),"22., Kaiserm¸hlen ",22,bei Autobusstation U1 Kaiserm¸hlen,
MULTIMEDIAOGD.327,327,POINT (16.317761488337446 48.233293965339485),"18., Wallriﬂstraﬂe gegen¸ber von 91",18,Scheibenbergstraﬂe,
MULTIMEDIAOGD.328,328,POINT (16.362071226394796 48.201274090078584),"6., Rahlgasse 2",6,,
MULTIMEDIAOGD.329,329,POINT (16.337311348000153 48.201364105036866),"15., Neubaug¸rtel gegen¸ber von 38",15,Urban Loritz Platz,
MULTIMEDIAOGD.330,330,POINT (16.35736122647605 48.18480417226666),"5., Spengergasse 25",5,Stollberggasse,
MULTIMEDIAOGD.331,331,POINT (16.402021027475556 48.19875407757263),"3., R¸dengasse 7-9",3,W7 vor Jugendgericht,
MULTIMEDIAOGD.332,332,POINT (16.395141065948312 48.2024640639879),"3., K¸beckgasse 15",3,Erdbergstraﬂe,
MULTIMEDIAOGD.333,333,POINT (16.335701358709663 48.20401409386911),"15., Wurzbachgasse 23",15,Gablenzgasse Alte eigene 10155,
MULTIMEDIAOGD.334,334,POINT (16.31284146885577 48.20210411703921),"15., Minciostraﬂe 1",15,Schanzstraﬂe,
MULTIMEDIAOGD.335,335,POINT (16.345501318239663 48.20866406501611),"8., Lerchengasse 15",8,Tigerpark gegen¸ber Pfeilgasse,
MULTIMEDIAOGD.336,336,POINT (16.32263141326425 48.197284134076895),"15., Selzergasse 29",15,Meiselstraﬂe,
MULTIMEDIAOGD.337,337,POINT (16.318321435628153 48.19774413478334),"15., Meiselstraﬂe 23",15,vor U-3 Aufgang Johnstraﬂe,
MULTIMEDIAOGD.338,338,POINT (16.38941110871204 48.21237402060752),"3., Obere Weiﬂgerberstraﬂe 16",3,Lˆwengasse,
MULTIMEDIAOGD.339,339,POINT (16.39353107592051 48.203434060529894),"3., Kundmanngasse 24",3,W7 vor Schule,
MULTIMEDIAOGD.340,340,POINT (16.349981282124606 48.19829411258724),"7., Mariahilfer Straﬂe 70",7,,
MULTIMEDIAOGD.341,341,POINT (16.333851368350164 48.20397409504951),"15., Moeringgasse 22",15,Gablenzgasse,
MULTIMEDIAOGD.342,342,POINT (16.390251111122158 48.21783399418354),"2., Praterstrasse 67",2,,
MULTIMEDIAOGD.343,343,POINT (16.311631488012235 48.21182407125838),"16., Thaliastraﬂe 125",16,U 3 Paltaufgang gegen¸ber 16,
MULTIMEDIAOGD.344,344,POINT (16.34469135099902 48.23002396362699),"18., Sternwartestraﬂe 33",18,Gymnasiumstraﬂe,
MULTIMEDIAOGD.345,345,POINT (16.298171540827397 48.20262412377909),"14., Burgersteingasse 1",14,Breitenseer Straﬂe,
MULTIMEDIAOGD.346,346,POINT (16.398031049911438 48.20042407254628),"3., Apostelgasse 2",3,Erdbergstraﬂe 43,
MULTIMEDIAOGD.347,347,POINT (16.39889104205353 48.19827408187835),"3., Hainburger Straﬂe 39",3,Keinergasse,
MULTIMEDIAOGD.348,348,POINT (16.471470650920207 48.17128416609617),"11., Landwehrstraﬂe 5",11,gegen¸ber Huma,
MULTIMEDIAOGD.349,349,POINT (16.434390812011838 48.157364255158804),"11., Simmeringer Hauptstraﬂe 234",11,Tor 1,
MULTIMEDIAOGD.350,350,POINT (16.44897073438363 48.15244426994976),"11., Simmeringer Hauptstraﬂe 240",11,FH 3. Tor,
MULTIMEDIAOGD.351,351,POINT (16.33299133676152 48.178104219268896),"12., Ignazgasse 34",12,,
MULTIMEDIAOGD.352,352,POINT (16.326491368976143 48.17838422166696),"12., Pohlgasse 19",12,Ruckergasse,
MULTIMEDIAOGD.353,353,POINT (16.272441616521277 48.166674311716),"13., Hermesstraﬂe 1",13,Dr.Schoberstraﬂe,
MULTIMEDIAOGD.354,354,POINT (16.344011308304808 48.196714123504556),"7., Mariahilfer Straﬂe 104",7,,
MULTIMEDIAOGD.355,355,POINT (16.340871329277917 48.20032410783131),"7., Seidengasse 37",7,Kaiserstraﬂe,
MULTIMEDIAOGD.356,356,POINT (16.3409413227905 48.196194127734195),"7., Mariahilfer Straﬂe 124",7,,
MULTIMEDIAOGD.357,357,POINT (16.322771410362765 48.19542414251822),"15., Goldschlagstraﬂe 78",15,Krˆllgasse,
MULTIMEDIAOGD.358,358,POINT (16.405951038791947 48.220883969800056),"2., Vorgartenstraﬂe 172",2,W6,
MULTIMEDIAOGD.359,359,POINT (16.433920933504613 48.24315384583962),"22., Dr.Adolf Sch‰rf Platz ",22,Dz Autobushaltestelle U1 Zentrum Kagran,
MULTIMEDIAOGD.360,360,POINT (16.438630897266155 48.23362388881491),"22., Industriestraﬂe 20",22,Fitzweg,
MULTIMEDIAOGD.361,361,POINT (16.438100902154247 48.235923878473464),"22., Erzherzog Karl Straﬂe gegen¸ber von 35",22,Industriestraﬂe,
MULTIMEDIAOGD.362,362,POINT (16.370981207610697 48.21914399960618),"2., Obere Donaustraﬂe gegen¸ber von 47",2,W6 Augartenbr¸cke,
MULTIMEDIAOGD.363,363,POINT (16.39276110184189 48.21908398677534),"2., Praterstern ",2,W6 bei FLUC Geb‰ude,
MULTIMEDIAOGD.364,364,POINT (16.40011107110254 48.22325396224449),"2., Lassallestraﬂe 9",2,Eingangshalle UZ PA1402,
MULTIMEDIAOGD.365,365,POINT (16.43051096084367 48.2513338096678),"22., Donaufelder Straﬂe 161",22,Josef Baumann Gasse,
MULTIMEDIAOGD.366,366,POINT (16.4022611132292 48.261003780717864),"21., Schleifgasse 11-15",21,Floridsdorfer Markt,
MULTIMEDIAOGD.367,367,POINT (16.403071101989084 48.25610380310095),"21., Schloﬂhofer Straﬂe 34",21,Freytaggasse,
MULTIMEDIAOGD.368,368,POINT (16.399711119823476 48.257133801008976),"21., Franz-Jonas-Platz gegen¸ber von 6",21,Straﬂenbahnhaltestelle/Bahnsteig 1,
MULTIMEDIAOGD.369,369,POINT (16.35707128545001 48.22579397653372),"9., Fechtergasse 1",9,Liechtensteinstraﬂe,
MULTIMEDIAOGD.370,370,POINT (16.355221294352436 48.22571397845849),"9., Nuﬂdorfer Straﬂe 28",9,Bindergasse,
MULTIMEDIAOGD.371,371,POINT (16.368151234985916 48.2288639553542),"20., Klosterneuburger Straﬂe 22",20,,
MULTIMEDIAOGD.372,372,POINT (16.334201417540175 48.240643919684125),"19., Krottenbachstraﬂe 66",19,Hugo-Wolf-Park gegen¸ber Rodlergasse,
MULTIMEDIAOGD.373,373,POINT (16.364501238227497 48.217804009662885),"9., W‰hringer G¸rtel 18-20",9,KHAKH,
MULTIMEDIAOGD.374,374,POINT (16.355871275182235 48.2144340311447),"8., Landesgerichtsstraﬂe 11",8,Alser Straﬂe,
MULTIMEDIAOGD.375,375,POINT (16.354691273981153 48.20914405747906),"8., Auerspergstraﬂe 21",8,,
MULTIMEDIAOGD.376,376,POINT (16.361301246539913 48.21333403316921),"1., Dr.Karl Lueger Ring 1",1,,
MULTIMEDIAOGD.377,377,POINT (16.346601318450475 48.212594046294235),"8., Schlesingerplatz 4",8,APCOA Parking,
MULTIMEDIAOGD.378,378,POINT (16.353461311709324 48.232133948090286),"18., W‰hringer G¸rtel 141",18,Dˆblinger Hauptstraﬂe,
MULTIMEDIAOGD.379,379,POINT (16.32737144325393 48.23506395049074),"18., T¸rkenschanzplatz gegen¸ber von 2",18,Gersthofer Straﬂe gegen¸ber 77,
MULTIMEDIAOGD.380,380,POINT (16.327371416604862 48.21577404290908),"17., Parhamerplatz 18",17,,
MULTIMEDIAOGD.381,381,POINT (16.32847142698397 48.22698398851702),"17., Kreuzgasse 93",17,,
MULTIMEDIAOGD.382,382,POINT (16.30612153229195 48.224544014199054),"17., G¸pferlingstraﬂe 7",17,,
MULTIMEDIAOGD.383,383,POINT (16.31916145037096 48.2115240682525),"16., Schuhmeierplatz 17",16,,
MULTIMEDIAOGD.384,384,POINT (16.370321174744625 48.193074124754574),"4., Mayerhofgasse 2",4,,
MULTIMEDIAOGD.385,385,POINT (16.36893118602389 48.19608411087072),"4., Guﬂhausstraﬂe gegen¸ber von 30",4,Favoritenstraﬂe,
MULTIMEDIAOGD.386,386,POINT (16.37187116316673 48.18985413850266),"4., Favoritenstraﬂe 48",4,,
MULTIMEDIAOGD.387,387,POINT (16.369931178376223 48.19431411842933),"4., Favoritenstraﬂe 18",4,MA,
MULTIMEDIAOGD.388,388,POINT (16.3719411868265 48.207844052620715),"1., Singerstraﬂe 2",1,W5 K‰rntner Straﬂe,
MULTIMEDIAOGD.389,389,POINT (16.340301333960067 48.201794101109776),"7., Westbahnstraﬂe 37",7,Kaiserstraﬂe,
MULTIMEDIAOGD.390,390,POINT (16.338551351968896 48.20836407119387),"7., Lerchenfelder G¸rtel 42",7,,
MULTIMEDIAOGD.391,391,POINT (16.356671259447776 48.20557407331022),"7., Neustiftgasse gegen¸ber von 1",7,,
MULTIMEDIAOGD.392,392,POINT (16.34320132290379 48.20439408768882),"7., Schottenfeldgasse 70",7,Burggasse,
MULTIMEDIAOGD.393,393,POINT (16.33781134466259 48.20118410611017),"7., Urban Loritz Platz ",7,Neubaug¸rtel gegen¸ber 25,
MULTIMEDIAOGD.394,394,POINT (16.35407127002485 48.20413408210756),"7., Burggasse 14-16",7,,
MULTIMEDIAOGD.395,395,POINT (16.349041294812935 48.20434408399476),"7., Neubaugasse 74",7,Burggasse,
MULTIMEDIAOGD.396,396,POINT (16.36712120966728 48.20728405889016),"1., Reitschulgasse 1",1,W5,
MULTIMEDIAOGD.397,397,POINT (16.356151242855002 48.19196413862248),"5., Schˆnbrunner Straﬂe 40",5,Pilgramgasse,
MULTIMEDIAOGD.398,398,POINT (16.35022125851134 48.182684186374814),"5., Siebenbrunnengasse 82",5,Diehlgasse,
MULTIMEDIAOGD.399,399,POINT (16.355641234050655 48.18375417777059),"5., Fendigasse 1",5,Reinprechtsdorfer Straﬂe,
MULTIMEDIAOGD.400,400,POINT (16.36188120518579 48.184914168775),"5., Wiedner Hauptstraﬂe 116",5,,
MULTIMEDIAOGD.401,401,POINT (16.360021211271995 48.182784179646774),"5., Wiedner Hauptstraﬂe 131",5,Hollgasse,
MULTIMEDIAOGD.402,402,POINT (16.349801259317438 48.18150419226706),"5., Siebenbrunnenfeldgasse 13",5,,
MULTIMEDIAOGD.403,403,POINT (16.35213125474581 48.18625416833686),"5., Kohlgasse 37",5,Arbeitergasse,
MULTIMEDIAOGD.404,404,POINT (16.35271125666565 48.18960415228886),"5., Spengergasse 54",5,,
MULTIMEDIAOGD.405,405,POINT (16.363551215950885 48.19856410281668),"4., Rechte Wienzeile gegen¸ber von 17",4,,
MULTIMEDIAOGD.406,406,POINT (16.360611221480507 48.192464133461655),"5., Strauﬂengasse 21",5,,
MULTIMEDIAOGD.407,407,POINT (16.36726119823186 48.199404096284844),"4., Resselgasse 6",4,Technische Universit‰t,
MULTIMEDIAOGD.408,408,POINT (16.363981204930425 48.192254131902274),"4., Kleine Neugasse 2",4,,
MULTIMEDIAOGD.409,409,POINT (16.366471202963297 48.1993840967326),"4., Operngasse 20",4,B‰renm¸hlendurchgang,
MULTIMEDIAOGD.410,410,POINT (16.348731276557853 48.189934153218985),"6., Br¸ckengasse 2",6,Mollardgasse,
MULTIMEDIAOGD.411,411,POINT (16.350331274501983 48.194494129750474),"6., Gumpendorfer Straﬂe 72",6,,
MULTIMEDIAOGD.412,412,POINT (16.338831325421967 48.19054415613811),"6., Wallgasse 11",6,,
MULTIMEDIAOGD.413,413,POINT (16.375791130253898 48.180204182556174),"10., Raaber Bahn Gasse 16",10,,
MULTIMEDIAOGD.414,414,POINT (16.375681131617032 48.18107417880981),"10., Landgutgasse 19",10,,
MULTIMEDIAOGD.415,415,POINT (16.373541138620663 48.17828419281547),"10., Laxenburger Straﬂe 28",10,Gudrunstraﬂe,
MULTIMEDIAOGD.416,416,POINT (16.358491205794586 48.173504224763875),"10., Inzersdorfer Straﬂe 113",10,,
MULTIMEDIAOGD.417,417,POINT (16.37341114310042 48.18141417845137),"10., Landgutgasse 29",10,Laxenburger Straﬂe 6,
MULTIMEDIAOGD.418,418,POINT (16.380291066477955 48.149774324963545),"10., Stockholmer Platz 7",10,,
MULTIMEDIAOGD.419,419,POINT (16.56163014042324 48.12001435501852),"30., Flughafen ",30,Plaza West zu Pier West/,
MULTIMEDIAOGD.420,420,POINT (16.56163014042324 48.12001435501852),"30., Flughafen ",30,Pier Ost Cafe Johann Strauﬂ/,
MULTIMEDIAOGD.421,421,POINT (16.39154108894949 48.2063140482512),"3., Marxergasse 26",3,Weyrgasse,
MULTIMEDIAOGD.422,422,POINT (16.391181085546478 48.20180406960158),"3., Rochusgasse 2",3,Landstraﬂer Hauptstr,
MULTIMEDIAOGD.423,423,POINT (16.40100103056617 48.19716408615854),"3., Kardinal Nagl Platz gegen¸ber von 7",3,Eingang U-3,
MULTIMEDIAOGD.424,424,POINT (16.39270107498624 48.20038407602549),"3., Hintzerstraﬂe 1",3,W7 Landstraﬂer Hauptstraﬂe,
MULTIMEDIAOGD.425,425,POINT (16.406760999488384 48.19485409376695),"3., Schlachthausgasse 24a",3,W7,
MULTIMEDIAOGD.426,426,POINT (16.390281090630832 48.20265406601326),"3., Landstraﬂer Hauptstraﬂe 50",3,Sechskr¸gelgasse,
MULTIMEDIAOGD.427,427,POINT (16.39229107496455 48.19803408749464),"3., Dannebergplatz gegen¸ber von 9",3,"Boerhaavegasse ,Arenbergpark",
MULTIMEDIAOGD.428,428,POINT (16.399601026029604 48.189244124768315),"3., Rennweg 93",3,W7,
MULTIMEDIAOGD.429,429,POINT (16.396841054193366 48.19928407819383),"3., Hainburger Straﬂe 40",3,vor Schule Apostelgasse,
MULTIMEDIAOGD.430,430,POINT (16.403841014072533 48.19559409167832),"3., Leonhardgasse 2",3,Fiakerplatz,
MULTIMEDIAOGD.431,431,POINT (16.40497101116393 48.19672408583836),"3., Lechnerstraﬂe 20",3,Erdbergstraﬂe,
MULTIMEDIAOGD.432,432,POINT (16.38444111941645 48.20269406965678),"3., Linke Bahngasse 11",3,Beatrixgasse /Anton von Webernplatz,
MULTIMEDIAOGD.433,433,POINT (16.393851068406388 48.19944407944118),"3., Neulinggasse ",3,Landstraﬂer Hauptstraﬂe,
MULTIMEDIAOGD.434,434,POINT (16.40110102462113 48.19294410629895),"3., Paulusplatz 9",3,,
MULTIMEDIAOGD.435,435,POINT (16.389211097068852 48.20374406225239),"3., Landstraﬂer Hauptstraﬂe 32",3,W7,
MULTIMEDIAOGD.436,436,POINT (16.401191030010676 48.1978240827195),"3., Kardinal Nagl Platz gegen¸ber von 10",3,W7,
MULTIMEDIAOGD.437,437,POINT (16.394071093115247 48.217783992229),"2., Praterstern ",2,W6 Ausstellungsstraﬂe,
MULTIMEDIAOGD.438,438,POINT (16.42103091691222 48.18538412954684),"11., Guglgasse 14",11,Gaso Kinocenter,
MULTIMEDIAOGD.439,439,POINT (16.416100941558458 48.18622412866739),"3., Modecenterstraﬂe 11",3,,
MULTIMEDIAOGD.440,440,POINT (16.41514093508753 48.17814416769005),"11., Kopalgasse 12",11,Stiege 40,
MULTIMEDIAOGD.441,441,POINT (16.462200664214578 48.14831428144188),"11., Simmeringer Hauptstraﬂe 487",11,,
MULTIMEDIAOGD.442,442,POINT (16.420030900027204 48.17043420183656),"11., Simmeringer Hauptstraﬂe 120a",11,,
MULTIMEDIAOGD.443,443,POINT (16.410250975959073 48.189944114804845),"3., Baumgasse ",3,W7 Nottendorfer Gasse,
MULTIMEDIAOGD.444,444,POINT (16.389661079180158 48.19250411555021),"3., Gerlgasse 22",3,W7 Obere Bahn Gasse,
MULTIMEDIAOGD.445,445,POINT (16.389931072411354 48.18835413503044),"3., Landstraﬂer G¸rtel 43",3,W7,
MULTIMEDIAOGD.446,446,POINT (16.39663103578973 48.185884142796084),"3., Landstraﬂer Hauptstraﬂe ",3,Wildgansplatz,
MULTIMEDIAOGD.447,447,POINT (16.394681054216477 48.191814114905824),"3., Rennweg 70",3,,
MULTIMEDIAOGD.448,448,POINT (16.301391456938124 48.153464356543445),"23., Breitenfurter Straﬂe 164",23,,
MULTIMEDIAOGD.449,449,POINT (16.301371502573847 48.18624419972077),"13., Hietzinger Hauptstraﬂe 18",13,,
MULTIMEDIAOGD.450,450,POINT (16.27271159925289 48.15578436330275),"23., Speisinger Straﬂe 220",23,,
MULTIMEDIAOGD.451,451,POINT (16.329851370711463 48.191214158310196),"15., Schwendergasse 6",15,Reindorfgasse,
MULTIMEDIAOGD.452,452,POINT (16.33267135734894 48.191864153473226),"15., Clementinengasse 29",15,Mariahilfer Straﬂe,
MULTIMEDIAOGD.453,453,POINT (16.33142135549082 48.18641418059783),"15., Storchengasse 23",15,Sparkassenplatz,
MULTIMEDIAOGD.454,454,POINT (16.322591403398835 48.190124168115545),"15., Schwendergasse 49",15,Straﬂenbahnhaltestelle,
MULTIMEDIAOGD.455,455,POINT (16.33504134355264 48.18993416178282),"15., F¸nfhausgasse 12",15,Herklotzgasse,
MULTIMEDIAOGD.456,456,POINT (16.33380135341305 48.19303414724354),"15., Mariahilfer Straﬂe 167",15,,
MULTIMEDIAOGD.457,457,POINT (16.326481386445646 48.19128416046855),"15., Mariahilfer Straﬂe 194",15,PA1153 Lehnergasse gegen¸ber PA,
MULTIMEDIAOGD.458,458,POINT (16.328111386302293 48.19686413219814),"15., Goldschlagstraﬂe 52",15,St‰ttermayergasse /U3 Schweglerstraﬂe,
MULTIMEDIAOGD.459,459,POINT (16.31750143451649 48.19435415136321),"15., Goldschlagstraﬂe 104",15,,
MULTIMEDIAOGD.460,460,POINT (16.324881404098928 48.19857412633143),"15., H¸tteldorfer Straﬂe 71",15,Huglgasse,
MULTIMEDIAOGD.461,461,POINT (16.32029142375609 48.19612414119528),"15., M‰rzstraﬂe 86",15,Wurmsergasse,
MULTIMEDIAOGD.462,462,POINT (16.32952137850533 48.19596413605874),"15., Schweglerstraﬂe 1",15,Felberstraﬂe,
MULTIMEDIAOGD.463,463,POINT (16.327501400713558 48.20490409437772),"15., Gablenzgasse 35-37",15,Camillo Sitte Gasse,
MULTIMEDIAOGD.464,464,POINT (16.35490122547977 48.17569421729722),"10., Kundratstraﬂe 1",10,Triester Straﬂe,
MULTIMEDIAOGD.465,465,POINT (16.321871436839707 48.21096406895841),"16., Br¸ﬂlgasse 51",16,Thaliastraﬂe,
MULTIMEDIAOGD.466,466,POINT (16.33993136113624 48.21991401486816),"18., Martinstraﬂe 21",18,,
MULTIMEDIAOGD.467,467,POINT (16.337551305155745 48.1711342498532),"12., Wienerbergstraﬂe 12d",12,Eibesbrunnergasse,
MULTIMEDIAOGD.468,468,POINT (16.373371184455497 48.21062403898583),"1., Hoher Markt 12",1,,
MULTIMEDIAOGD.469,469,POINT (16.3784811522973 48.205464059813515),"1., Parkring 12",1,W5 Gartenbaukino,
MULTIMEDIAOGD.470,470,POINT (16.448500893719057 48.266453726404265),"21., Julius Ficker Straﬂe 77",21,K¸rschnergasse,
MULTIMEDIAOGD.471,471,POINT (16.4189009876188 48.229803918743016),"22., Sch¸ttaustraﬂe 1-19",22,,
MULTIMEDIAOGD.472,472,POINT (16.363941232825372 48.21202403818924),"1., Teinfaltstraﬂe 1",1,W5 Herrengasse,
MULTIMEDIAOGD.473,473,POINT (16.35579122966401 48.18177418747076),"5., Kohlgasse 2a",5,,
MULTIMEDIAOGD.474,474,POINT (16.343701326418742 48.20875406588761),"8., Albertgasse 9",8,Pfeilgasse,
MULTIMEDIAOGD.475,475,POINT (16.355151275351066 48.212274042391186),"8., Florianigasse 2",8,Landesgerichtsstraﬂe 9 a,
MULTIMEDIAOGD.476,476,POINT (16.352821269487933 48.19946410467578),"7., Kirchengasse 1",7,Mariahilfer Straﬂe,
MULTIMEDIAOGD.477,477,POINT (16.343611335327672 48.21424403993891),"8., Albertplatz 5",8,,
MULTIMEDIAOGD.478,478,POINT (16.294691550384137 48.19729415160911),"14., H¸tteldorfer Straﬂe 142",14,L¸tzowgasse,
MULTIMEDIAOGD.479,479,POINT (16.421740949329266 48.21138400530047),"2., Meiereistraﬂe 8",2,W6 Engerthstraﬂe,
MULTIMEDIAOGD.480,480,POINT (16.444420892420744 48.25101380181145),"22., Wagramer Straﬂe 162",22,PA1222 /Am langen Felde,
MULTIMEDIAOGD.481,481,POINT (16.32959142630449 48.23117396821555),"18., Gentzgasse 137",18,Simonygasse,
MULTIMEDIAOGD.482,482,POINT (16.291491536177958 48.17578425600732),"13., W¸rzburggasse 30",13,ORF,
MULTIMEDIAOGD.483,483,POINT (16.336451351945808 48.201604104346586),"15., H¸tteldorfer Straﬂe 2",15,Wurzbachgasse,
MULTIMEDIAOGD.484,484,POINT (16.358621265508706 48.21763401435521),"9., W‰hringer Straﬂe 13",9,,
MULTIMEDIAOGD.485,485,POINT (16.41624109949407 48.30131357977679),"21., Freiheitsplatz 5",21,,
MULTIMEDIAOGD.486,486,POINT (16.36746121280495 48.21058404299573),"1., Am Hof 3",1,,
MULTIMEDIAOGD.487,487,POINT (16.389021125744563 48.22390396573833),"2., Nordbahnstraﬂe 32",2,W6 Am Tabor,
MULTIMEDIAOGD.488,488,POINT (16.369821201250375 48.20998404373715),"1., Milchgasse 1",1,,
MULTIMEDIAOGD.489,489,POINT (16.34408135408537 48.229573966687745),"18., Gymnasiumstraﬂe 26",18,PA1182,
MULTIMEDIAOGD.490,490,POINT (16.351681273613234 48.198954107655545),"7., Mariahilfer Straﬂe 58",7,,
MULTIMEDIAOGD.491,491,POINT (16.36135123205782 48.20236408565769),"6., Mariahilfer Straﬂe 1",6,,
MULTIMEDIAOGD.492,492,POINT (16.325171452398155 48.23355395972474),"18., Alseggerstraﬂe 44",18,Bischof Faber Platz,
MULTIMEDIAOGD.493,493,POINT (16.355961283065778 48.22054400254758),"9., W‰hringer Straﬂe 38-42",9,Boltzmanngasse,
MULTIMEDIAOGD.494,494,POINT (16.342651342105814 48.215754033703746),"9., Zimmermanngasse 3",9,PA1095,
MULTIMEDIAOGD.495,495,POINT (16.353751306371073 48.22914396294818),"9., Sobieskigasse 28",9,Pulverturmgasse,
MULTIMEDIAOGD.496,496,POINT (16.38599113570299 48.22029398528724),"2., Heinestraﬂe 22",2,Rueppgasse,
MULTIMEDIAOGD.497,497,POINT (16.386861145670093 48.23066393468156),"20., Innstraﬂe 3",20,Dresdner Straﬂe,
MULTIMEDIAOGD.498,498,POINT (16.33029134496279 48.174554237990485),"12., Meidlinger Hauptstraﬂe 86",12,,
MULTIMEDIAOGD.499,499,POINT (16.328191307321543 48.140484401583294),"23., Triester Straﬂe 224",23,Station Badner Bahn,
MULTIMEDIAOGD.500,500,POINT (16.366121226743182 48.215614019218116),"1., Schottenring 16",1,W5 Bˆrse,
MULTIMEDIAOGD.501,501,POINT (16.37351120809575 48.22840395427273),"20., Wasnergasse 25",20,,
MULTIMEDIAOGD.502,502,POINT (16.36529125847024 48.23593392272481),"20., Klosterneuburger Straﬂe 97",20,PA1202,
MULTIMEDIAOGD.503,503,POINT (16.375041192982003 48.22270398020418),"2., Obere Augartenstraﬂe 30",2,W6 Untere Augartenstraﬂe,
MULTIMEDIAOGD.504,504,POINT (16.41624096553583 48.20438404170088),"2., Hauptallee ",2,W6 Stadionallee,
MULTIMEDIAOGD.505,505,POINT (16.370191212982828 48.21993399636654),"2., Obere Donaustraﬂe 41",2,W6 Rembrandtstraﬂe,
MULTIMEDIAOGD.506,506,POINT (16.341951339600456 48.21215405084583),"8., Bennoplatz 5",8,,
MULTIMEDIAOGD.507,507,POINT (16.362721261184767 48.22835396052174),"9., Gussenbauergasse gegen¸ber von 5",9,Spittelauer L‰nde,
MULTIMEDIAOGD.508,508,POINT (16.344041337091255 48.217024026701196),"9., Zimmermannplatz 1",9,KHSAK,
MULTIMEDIAOGD.509,509,POINT (16.46861077468125 48.2517137837512),"22., Breitenleer Straﬂe 103",22,Zwerch‰ckerweg,
MULTIMEDIAOGD.510,510,POINT (16.403271008796878 48.18947412155579),"3., Viehmarktgasse 4",3,,
MULTIMEDIAOGD.511,511,POINT (16.392121104927693 48.21919398664582),"2., BHF Wien Nord ",2,Eingang Nordost,
MULTIMEDIAOGD.512,512,POINT (16.41137098046827 48.197204079374714),"2., Stadionallee ",2,W6,
MULTIMEDIAOGD.513,513,POINT (16.34117134759258 48.21511403765938),"8., Hernalser G¸rtel 22",8,verl‰ngerte Ottakringer Straﬂe,
MULTIMEDIAOGD.514,514,POINT (16.40604101461975 48.20322405383508),"2., Rustenschacherallee 56",2,W6 Lukschgasse,
MULTIMEDIAOGD.515,515,POINT (16.33920136066705 48.21769402608177),"18., Jˆrgerstraﬂe 18",18,Martinstraﬂe,
MULTIMEDIAOGD.516,516,POINT (16.36442123831356 48.21789400961348),"9., T¸rkenstraﬂe gegen¸ber von 25",9,Schlickplatz,
MULTIMEDIAOGD.517,517,POINT (16.39872107623511 48.22256396590964),"2., Lassallestraﬂe 9",2,PA1402 vor UZ,
MULTIMEDIAOGD.518,518,POINT (16.357161263359384 48.210244050635424),"1., Lichtenfelsgasse 2",1,Rathaus,
MULTIMEDIAOGD.519,519,POINT (16.409531017394986 48.21806398092268),"2., Ausstellungsstraﬂe 71",2,W6 Vorgartenstraﬂe,
MULTIMEDIAOGD.520,520,POINT (16.33149133873822 48.174874235010755),"12., Philadelphiabr¸cke ",12,÷BB Meidling Bahnhof Abgang Gleis 2-3,
MULTIMEDIAOGD.521,521,POINT (16.39642108025159 48.21722399304477),"2., Straﬂe des Ersten Mai ",2,W6 Prater vor dem Riesenrad,
MULTIMEDIAOGD.522,522,POINT (16.34959130613719 48.215084032146905),"8., Alser Straﬂe 33",8,Skodagasse,
MULTIMEDIAOGD.523,523,POINT (16.304171491029994 48.187964190208646),"13., Kennedybr¸cke ",13,"U-4,Flugdach OST",
MULTIMEDIAOGD.524,524,POINT (16.41033104512545 48.240583872608724),"22., Donauturmstraﬂe 4",22,vor Donauturm,
MULTIMEDIAOGD.525,525,POINT (16.56163014042324 48.12001435501852),"30., Flughafen ",30,Busgates B32,
MULTIMEDIAOGD.526,526,POINT (16.56163014042324 48.12001435501852),"30., Flughafen ",30,"Abholerhalle, Objekt 107",
MULTIMEDIAOGD.527,527,POINT (16.56163014042324 48.12001435501852),"30., Flughafen ",30,"1.OG, Pier West Gang bei Gate C51",
MULTIMEDIAOGD.528,528,POINT (16.353321276057887 48.20655407080978),"8., Lerchenfelder Straﬂe 10",8,,
MULTIMEDIAOGD.529,529,POINT (16.329154744440295 48.18311254300642),"12., Schˆnbrunner Straﬂe 259",12,MBA 12 / Schˆnbrunner Straﬂe 259,
MULTIMEDIAOGD.530,530,POINT (16.371009849605493 48.232967858581866),"20., Brigittaplatz 10",20,Brigittaplatz 10 / MBA 20,
MULTIMEDIAOGD.531,531,POINT (16.327260438512596 48.20934070987815),"16., Richard Wagner Platz 19",16,Richard Wagner Platz 19/ MBA 16,
MULTIMEDIAOGD.532,532,POINT (16.38276905536449 48.16379595798161),"10., Favoritenstraﬂe 211",10,Favoritenstraﬂe 211/AH,
MULTIMEDIAOGD.533,533,POINT (16.468167214420895 48.217571228940116),"22., Langobardenstaﬂe 122",22,Langobardenstraﬂe 122 / SMZ Ost,
MULTIMEDIAOGD.534,534,POINT (16.28214459677724 48.13485795215287),"23., Perchtoldsdorferstraﬂe 2",23,Perchtoldsdorferstraﬂe 2,
MULTIMEDIAOGD.535,535,POINT (16.319979653979626 48.19877877739566),"15., H¸tteldorferstraﬂe 81b",15,,
MULTIMEDIAOGD.536,536,POINT (16.334095317847673 48.194114574092296),"15., Gasgasse 8-10",15,Gasgasse 8-10 / MBA 15,
MULTIMEDIAOGD.537,537,POINT (16.38674499919223 48.1941922669524),"3., Fasanplatz ",3,,
MULTIMEDIAOGD.538,538,POINT (16.332806058414942 48.20920295492511),"16., Hofferplatz gegen¸ber von 7",16,,
MULTIMEDIAOGD.539,539,POINT (16.416856712127444 48.23482974015999),"22., Wagramer Straﬂe 5",22,VIC,
MULTIMEDIAOGD.540,540,POINT (16.34241727492376 48.22684039292397),"18., Martinstraﬂe 100",18,Martinstraﬂe 100 / MBA 18,
MULTIMEDIAOGD.541,541,POINT (16.363538713076647 48.213196370577634),"1., Schottengasse 4",1,,
MULTIMEDIAOGD.542,542,POINT (16.34059850407732 48.240266783477296),"19., Krottenbachstraﬂe 27",19,,
MULTIMEDIAOGD.543,543,POINT (16.370082403308928 48.235617514736965),"20., J‰gerstraﬂe 69",20,,
MULTIMEDIAOGD.544,544,POINT (16.38517970217297 48.23691129305447),"20., Donaueschingenstraﬂe 24",20,,
MULTIMEDIAOGD.545,545,POINT (16.361170304008066 48.202037817451014),"6., Mariahilfer Straﬂe 1a",6,,
MULTIMEDIAOGD.546,546,POINT (16.3798423636143 48.215494826631115),"2., Karmeliterplatz 1",2,,
MULTIMEDIAOGD.547,547,POINT (16.374449405266034 48.21052308179921),"1., Rotenturmstraﬂe 19-21",1,,
MULTIMEDIAOGD.548,548,POINT (16.377345059452317 48.21136986463913),"1., Franz Josefs Kai 17",1,,
MULTIMEDIAOGD.549,549,POINT (16.366479412909484 48.21403900925275),"1., Bˆrseplatz gegen¸ber von 1",1,,
MULTIMEDIAOGD.550,550,POINT (16.38500786671287 48.21440762763857),"2., Nestroyplatz 1",2,,
MULTIMEDIAOGD.551,551,POINT (16.39282761237706 48.20083035817895),"3., Landstraﬂer Hauptstraﬂe 69-71",3,,
MULTIMEDIAOGD.552,552,POINT (16.419001012808042 48.18578420575936),"3., Guglgasse 7-9",3,Guglgasse 7-9 /Wiener Wohnen Kundenservice,
MULTIMEDIAOGD.553,553,POINT (16.359918146227013 48.163851357100235),"10., Neilreichgasse ",10,,
MULTIMEDIAOGD.554,554,POINT (16.361339047406933 48.22617859042837),"9., Julius Tandler Platz 3",9,,
MULTIMEDIAOGD.555,555,POINT (16.37400481903204 48.17878605230979),"10., Laxenburger Straﬂe 43-45",10,Laxenburgerstraﬂe 43-45 / MBA 10,
MULTIMEDIAOGD.556,556,POINT (16.355540766877247 48.18404846094218),"5., Margareteng¸rtel ",5,Bruno Kreisky Park / VCT Gewista,
MULTIMEDIAOGD.557,557,POINT (16.367017849986986 48.19138296221707),"4., Wiedner Hauptstrasse 55",4,Wiedner Hauptstrasse 55/VCT GEWISTA,
MULTIMEDIAOGD.558,558,POINT (16.346085376846457 48.18439537418995),"5., Margareteng¸rtel gegen¸ber von 120",5,,
MULTIMEDIAOGD.559,559,POINT (16.369439076289872 48.19670922631393),"4., Karlsgasse 22",4,,
MULTIMEDIAOGD.560,560,POINT (16.30044928685484 48.18822365524373),"13., Hietzinger Kai 1-3",13,MBA 13/14 Hietzinger Kai 1-3,
MULTIMEDIAOGD.561,561,POINT (16.419001012808042 48.18578420575936),"3., Guglgasse 7-9",3,Guglgasse 7-9 /Wiener Wohnen Kundenservice,
MULTIMEDIAOGD.562,562,POINT (16.349171167455367 48.21487631353404),"8., Alser Straﬂe 31",8,,
MULTIMEDIAOGD.563,563,POINT (16.319342423795 48.211229117749646),"16., Schuhmeierplatz 18",16,,
MULTIMEDIAOGD.564,564,POINT (16.404606627771013 48.219623539155826),"2., Ilgplatz 3",2,,
MULTIMEDIAOGD.565,565,POINT (16.37421878925083 48.18172991237714),"10., Columbusplatz 3",10,Colubusplatz 3/ VCT GEWISTA,
MULTIMEDIAOGD.566,566,POINT (16.333597432102856 48.221051021339115),"17., Dornerplatz 3",17,,
MULTIMEDIAOGD.567,567,POINT (16.345326334744662 48.2259642623803),"18., W‰hringer Straﬂe 106",18,,
MULTIMEDIAOGD.568,568,POINT (16.347371796931544 48.236154027535115),"19., Gymnasiumstraﬂe 85",19,,
MULTIMEDIAOGD.569,569,POINT (16.468167214420895 48.217571228940116),"22., Langobardenstaﬂe 122",22,Langobardenstraﬂe 122 / SMZ Ost,
MULTIMEDIAOGD.570,570,POINT (16.35592286597065 48.225193555255416),"9., Alserbachstraﬂe 5",9,,
MULTIMEDIAOGD.571,571,POINT (16.331993756974093 48.218290975418),"17., Elterleinplatz 14",17,,
MULTIMEDIAOGD.572,572,POINT (16.351927653803433 48.19920553162078),"6., Mariahilfer Straﬂe 56",6,,
MULTIMEDIAOGD.573,573,POINT (16.33005768680516 48.17455221425636),"12., Meidlinger Hauptstraﬂe 86",12,,
MULTIMEDIAOGD.574,574,POINT (16.342339406461132 48.24600782069952),"19., Grinzinger Allee 1",19,,
MULTIMEDIAOGD.575,575,POINT (16.412728053525296 48.23370716643844),"22., Donaucitystraﬂe ",22,Donaucity 5 Stock,
MULTIMEDIAOGD.576,576,POINT (16.33253845077934 48.15994351566902),"12., Am Schˆpfwerk U6",12,,
MULTIMEDIAOGD.577,577,POINT (16.287721171853814 48.1704649477987),"13., Feldkellergasse 1A",13,,
MULTIMEDIAOGD.578,578,POINT (16.36889297361326 48.228728396349936),"20., Wallensteinstraﬂe 16",20,,
MULTIMEDIAOGD.579,579,POINT (16.415708438451425 48.23238836489365),"22., Platz der Vereinten Nationen ",22,,
MULTIMEDIAOGD.580,580,POINT (16.35843805289777 48.19185709625325),"5., Margaretenplatz 7",5,,
MULTIMEDIAOGD.581,581,POINT (16.32986655740666 48.180705278816305),"12., Meidlinger Hauptstraﬂe 19-21",12,,
MULTIMEDIAOGD.582,582,POINT (16.353854059729965 48.18544933763894),"5., Siebenbrunnenplatz 1",5,,
MULTIMEDIAOGD.583,583,POINT (16.35402455000952 48.198040424690845),"6., Schadekgasse 2",6,,
MULTIMEDIAOGD.584,584,POINT (16.36569396296147 48.21189056636232),"1., Freyung 7",1,,
MULTIMEDIAOGD.585,585,POINT (16.355123750327635 48.211250693296115),"8., Friedrich Schmidt Platz 5",8,,
