FID,SHAPE,NAME,BEZIRK,ADRESSE,WEITERE_INF,SE_SDO_ROWID,SE_ANNO_CAD_DATA
MUSEUMOGD.51667,POINT (16.356413434210367 48.21194420538316),Wiener Planungswerkstatt - Ausstellungszentrum der Stadtentwicklung,1,Friedrich-Schmidt-Platz 9,http://www.wien.gv.at/stadtentwicklung/dienststellen/ma18/wiener-planungswerkstatt.html,51667,
MUSEUMOGD.51668,POINT (16.378645726946196 48.20920419357047),Archiv der Universität Wien (Schausammlung),1,Postgasse 9,http://www.ub.univie.ac.at/archiv/,51668,
MUSEUMOGD.51669,POINT (16.359566608484666 48.202054524252674),Zoom Kindermuseum,7,Museumsplatz 1,http://www.kindermuseum.at,51669,
MUSEUMOGD.51670,POINT (16.341682136434397 48.21217087977642),Wiener Schuhmuseum,8,Florianigasse 66,http://www.schuhmuseum.at/index.html,51670,
MUSEUMOGD.51671,POINT (16.373982955977777 48.17977207644916),Österreichisches Privatmuseum für Schreib- und Rechenmaschinen,10,Laxenburger Straße 37,http://www.waldbauer.com/curta/startpage.php?,51671,
MUSEUMOGD.51672,POINT (16.332707166345454 48.15134353631632),Schokolademuseum,23,Willendorfer Gasse 2,http://www.heindl.co.at/de/ueber-heindl/schokomuseum,51672,
MUSEUMOGD.51673,POINT (16.337578526944604 48.199324518389616),Billardmuseum Weingartner,15,Goldschlagstraße 1,http://www.wiener-kaffeehaus.at/museen-1.aspx,51673,
MUSEUMOGD.51674,POINT (16.308298160882615 48.166134857767666),Modemuseum Hetzendorf,12,Hetzendorfer Straße 79,http://www.wienmuseum.at/de/standorte/ansicht/modesammlung.html,51674,
MUSEUMOGD.51675,POINT (16.357985285186157 48.21130657017448),Wienbibliothek im Rathaus,1,Felderstraße 1,http://www.wien.gv.at/kultur/wienbibliothek/index.html,51675,
MUSEUMOGD.51676,POINT (16.408333897429443 48.196569313485085),Verkehrsmuseum (der Wiener Linien) 'Remise',3,Erdbergstraße 107-109,http://www.wienerlinien.at/museum/,51676,
MUSEUMOGD.51677,POINT (16.319161767640555 48.224179424833125),Rettungsmuseum,17,Gilmgasse 18,http://www.wien.gv.at/rettung/museum/,51677,
MUSEUMOGD.51678,POINT (16.421377564300155 48.18477081975614),Wiener Stadt- und Landesarchiv,11,Guglgasse 14,http://www.wien.gv.at/kultur/archiv/index.html,51678,
MUSEUMOGD.51679,POINT (16.369315273166006 48.21076012315605),Uhrenmuseum,1,Schulhof 2,http://www.wienmuseum.at/de/standorte/ansicht/uhrenmuseum.html,51679,
MUSEUMOGD.51680,POINT (16.380905858724155 48.19150860407696),Oberes Belvedere,3,Prinz-Eugen-Straße 27,http://www.belvedere.at,51680,
MUSEUMOGD.51681,POINT (16.359624008861392 48.222482229895974),Palais Liechtenstein,9,Fürstengasse 1,http://www.liechtensteinmuseum.at,51681,
MUSEUMOGD.51682,POINT (16.36523481198881 48.20161076035439),"Akademie der bildenden Künste, Gemäldegalerie",1,Schillerplatz 3,http://www.akademiegalerie.at,51682,
MUSEUMOGD.51683,POINT (16.35294602052444 48.19771845205886),Foltermuseum,6,Fritz-Grünbaum-Platz 1,http://www.folter.at,51683,
MUSEUMOGD.51684,POINT (16.369966033477713 48.205574736868826),Kaisergruft (Kapuzinergruft),1,Tegetthoffstraße 2,http://www.kaisergruft.at,51684,
MUSEUMOGD.51685,POINT (16.365620095517105 48.26212136363745),Lehár-Schikaneder-Schlössl,19,Hackhofergasse 18,http://www.wien.gv.at/vadb/internet/AdvPrSrv.asp?Layout=VAErgebnis_neu&Type=K&ID=317365&HKAT=90&KAT=&KATEGORIE_ID=90&UNTKATVON=&brckat=&brckatu=&return=,51685,
MUSEUMOGD.51686,POINT (16.365896514757058 48.200396240252836),Secession,1,Friedrichstraße 12,http://www.secession.at,51686,
MUSEUMOGD.51687,POINT (16.39428176917314 48.20778720725232),Village-Galerie (beim Hundertwasser-Haus),3,Kegelgasse 37-39,http://www.villagegallery.at/,51687,
MUSEUMOGD.51688,POINT (16.368320171055327 48.20460124899301),Albertina,1,Albertinaplatz 1,http://www.albertina.at,51688,
MUSEUMOGD.51689,POINT (16.357232245783912 48.2042428400639),Architekturzentrum Wien,7,Museumsplatz 1,http://www.azw.at,51689,
MUSEUMOGD.51757,POINT (16.356209205624616 48.254841057542706),Beethoven Wohnung Heiligenstadt,19,Probusgasse 6,http://www.wienmuseum.at/de/standorte/ansicht/beethoven-wohnung-heiligenstadt-1.html,51757,
MUSEUMOGD.51758,POINT (16.318879111988753 48.17273652342),Wiener Arbeitsgemeinschaft für Astronomie (WAA),12,Fraungrubergasse 3/1/7,http://www.waa.at/,51758,
MUSEUMOGD.51759,POINT (16.367969562932903 48.20414921458468),Staatsopernmuseum,1,Hanuschgasse 3,http://www.wiener-staatsoper.at/Content.Node/home/opernhaus/staatsopernmuseum/Allgemein.de.php,51759,
MUSEUMOGD.51760,POINT (16.402133092838405 48.18275057631062),Friedhof St. Marx (Biedermeierfriedhof),3,Leberstraße 6-8,http://www.wien.gv.at/umwelt/parks/anlagen/friedhof-st-marx.html,51760,
MUSEUMOGD.51761,POINT (16.365590682217622 48.180631143499184),Grabdenkmalhain Waldmüllerpark,10,Landgutgasse 61,http://www.wien.gv.at/umwelt/parks/anlagen/waldmueller.html,51761,
MUSEUMOGD.51762,POINT (16.430832072112146 48.24367694193378),Österreichisches Gartenbaumuseum,22,Siebeckstraße 14,http://www.wien.gv.at/umwelt/parks/gartenbaumuseum/index.html,51762,
MUSEUMOGD.51763,POINT (16.30105817743046 48.21402790796537),Wiener Volksliedwerk - Bockkeller,16,Gallitzinstraße 1,http://www.wvlw.at/,51763,
MUSEUMOGD.51764,POINT (16.35528495191149 48.22744006232914),Adalbert-Stifter-Gedenkraum,9,Nußdorfer Straße 54,http://www.wienmuseum.at/de/standorte/ansicht/schubert-geburtshaus.html,51764,
MUSEUMOGD.51765,POINT (16.35566665177296 48.242207085633105),Beethoven Eroicahaus,19,Döblinger Hauptstraße 92,http://www.wienmuseum.at/de/standorte/ansicht/beethoven-eroicahaus-1.html,51765,
MUSEUMOGD.51690,POINT (16.366159429808185 48.21151120336312),Bank Austria Kunstforum,1,Freyung 8-9,http://www.bankaustria-kunstforum.at,51690,
MUSEUMOGD.51691,POINT (16.38615367056073 48.26778700020527),Beethoven Gedenkstätte Wien-Floridsdorf,21,Jeneweingasse 17,http://members.chello.at/~h.swietly/Frames/Deutsch/Beethoven-Gedenkst%E4tte/ethoven-gedenkstaette/,51691,
MUSEUMOGD.51692,POINT (16.38145539798747 48.224963816792666),Augarten Contemporary (Gustinus Ambrosi-Museum),2,Scherzergasse 1A,http://www.belvedere.at/de/schloss-und-museum/augarten-contemporary,51692,
MUSEUMOGD.51693,POINT (16.38050771937884 48.191486275718674),Mittelalterliche Kunst (Museum im Oberen Belvedere),3,Prinz-Eugen-Straße 27,http://www.belvedere.at/de/sammlungen/belvedere/mittelalter,51693,
MUSEUMOGD.51694,POINT (16.385428055346704 48.204006480542944),Böhmerwaldmuseum Wien und Erzgebirger-Heimatstube,3,Ungargasse 3,http://www.boehmerwaldmuseum.at/,51694,
MUSEUMOGD.51695,POINT (16.382461413173765 48.19008750997012),Alpengarten im Belvedere,3,Prinz-Eugen-Straße 27,http://www.belvedere.at/de/schloss-und-museum/schlossgarten/alpengarten,51695,
MUSEUMOGD.51696,POINT (16.373630593885927 48.20747691401934),Schatzkammer des Deutschen Ordens,1,Singerstraße 7,http://www.deutscher-orden.at/content/site/ordenshausinwien/schatzkammer/index.html,51696,
MUSEUMOGD.51697,POINT (16.29113393142269 48.21277755614024),Kuffner Sternwarte,16,Johann-Staud-Straße 10,http://www.planetarium-wien.at/astronomie_kuffner.html,51697,
MUSEUMOGD.51698,POINT (16.383911535707497 48.21144376060793),Urania-Sternwarte,1,Uraniastraße 1,http://www.planetarium-wien.at/astronomie_urania.html,51698,
MUSEUMOGD.51699,POINT (16.27785275990668 48.209676869592194),Gedenkstätte Steinhof (Zur Geschichte der NS-Medizin in Wien ),14,Baumgartner Höhe 1,http://www.gedenkstaettesteinhof.at/,51699,
MUSEUMOGD.51700,POINT (16.371258343914757 48.211782697766864),Dokumentationsarchiv des österreichischen Widerstandes,1,Wipplingerstraße 6-8,http://www.doew.at,51700,
MUSEUMOGD.51701,POINT (16.374158384126286 48.20872310473546),Dom- und Diözesanmuseum,1,Stephansplatz 6,http://www.dommuseum.at,51701,
MUSEUMOGD.51702,POINT (16.25591605196352 48.20989335792032),Ernst Fuchs Museum,14,Hüttelbergstraße 26,http://www.ernstfuchs-zentrum.com/html/museanf_de.html,51702,
MUSEUMOGD.51703,POINT (16.367680025795895 48.197120532851194),Generali Foundation,4,Wiedner Hauptstraße 15,http://foundation.generali.at,51703,
MUSEUMOGD.51704,POINT (16.377502133720874 48.1990958236045),Arnold Schönberg Center,3,Zaunergasse 1-3,http://www.schoenberg.at/index.php?option=com_content&view=article&id=163&Itemid=181&lang=de,51704,
MUSEUMOGD.51705,POINT (16.352937093396132 48.19756916635613),Haus des Meeres,6,Fritz-Grünbaum-Platz 1,http://www.haus-des-meeres.at,51705,
MUSEUMOGD.51706,POINT (16.38893867811834 48.184261429086504),Heeresgeschichtliches Museum,3,Arsenal 18,http://www.hgm.or.at,51706,
MUSEUMOGD.51707,POINT (16.369312534454398 48.2071542201281),Jüdisches Museum,1,Dorotheergasse 11,http://www.jmw.at,51707,
MUSEUMOGD.51708,POINT (16.393369027950985 48.211039058578564),Kunst Haus Wien - Museum Hundertwasser,3,Untere Weißgerberstraße 13,http://www.kunsthauswien.com,51708,
MUSEUMOGD.51709,POINT (16.35795887981797 48.203026465662646),Kunsthalle Wien,7,Museumsplatz 1,http://www.kunsthallewien.at,51709,
MUSEUMOGD.51710,POINT (16.36767816073905 48.20020978477667),Kunsthalle Wien (project space),4,Treitlstraße 4,http://www.kunsthallewien.at,51710,
MUSEUMOGD.51723,POINT (16.252415134062186 48.14663548462768),Freiluftplanetarium Sterngarten Georgenberg,23,Rysergasse 2,http://www.astronomisches-buero-wien.or.at/garten.htm,51723,
MUSEUMOGD.51724,POINT (16.357942787035157 48.20377721977821),Museum Moderner Kunst Stiftung Ludwig Wien (mumok),7,Museumsplatz 1,http://www.mumok.at,51724,
MUSEUMOGD.51725,POINT (16.358420342276567 48.20339060079191),MuseumsQuartier,7,Museumsplatz 1,http://www.mqw.at,51725,
MUSEUMOGD.51726,POINT (16.353191336385322 48.218560283643),Pathologisch-anatomisches Bundesmuseum (Narrenturm),9,Spitalgasse 2,http://www.nhm-wien.ac.at/forschung/anthropologie/pathologischantomische_sammlung_im_narrenturm,51726,
MUSEUMOGD.51727,POINT (16.381263385182418 48.19153751207399),Belvedere - Oberes Belvedere (Barockmuseum),3,Prinz-Eugen-Straße 27,http://www.belvedere.at/de/sammlungen/belvedere/barock,51727,
MUSEUMOGD.51728,POINT (16.379851953020378 48.196601589478526),Belvedere - Unteres Belvedere,3,Rennweg 6,http://www.belvedere.at/de/schloss-und-museum/unteres-belvedere,51728,
MUSEUMOGD.51729,POINT (16.35689102888065 48.183908829273925),Österreichisches Gesellschafts- und Wirtschaftsmuseum,5,Vogelsanggasse 36,http://www.oegwm.ac.at/oegwm.htm,51729,
MUSEUMOGD.51730,POINT (16.365293252381576 48.20572710578142),"Österreichische Nationalbibliothek, Prunksaal",1,Josefsplatz 1,http://www.onb.ac.at/prunksaal.htm,51730,
MUSEUMOGD.51731,POINT (16.35038402674756 48.213159912568045),Österreichisches Museum für Volkskunde,8,Laudongasse 17,http://www.volkskundemuseum.at,51731,
MUSEUMOGD.51711,POINT (16.363476145802142 48.20488354350141),Weltmuseum Wien,1,Heldenplatz ,http://www.weltmuseumwien.at/,51711,
MUSEUMOGD.51712,POINT (16.368447371883953 48.20555916696828),Österreichisches Theatermuseum,1,Lobkowitzplatz 2,http://www.theatermuseum.at,51712,
MUSEUMOGD.51713,POINT (16.371557330850038 48.20050731601061),Künstlerhaus,1,Karlsplatz 5,http://www.k-haus.at,51713,
MUSEUMOGD.51714,POINT (16.35002664019124 48.21116742963922),K&K Weinschatzkammer,8,Piaristengasse 45,http://www.piaristenkeller.at/,51714,
MUSEUMOGD.51715,POINT (16.350058617382313 48.210998533967896),Kaiser Franz Joseph Hutmuseum,8,Piaristengasse 45,http://www.piaristenkeller.at/,51715,
MUSEUMOGD.51716,POINT (16.359163023622816 48.20264815638529),Leopold Museum,7,Museumsplatz 1,http://www.leopoldmuseum.org,51716,
MUSEUMOGD.51717,POINT (16.38140833313764 48.20764219116685),MAK - Österreichisches Museum für angewandte Kunst/Gegenwartskunst,1,Stubenring 5,http://www.mak.at,51717,
MUSEUMOGD.51718,POINT (16.354199540911416 48.20599352191414),Museum der Mechitharistenkongregation,7,Mechitaristengasse 4/3,http://www.wien.gv.at/ma53/museen/mechi.htm,51718,
MUSEUMOGD.51719,POINT (16.35711069918409 48.219184117589194),Sammlungen der Medizinischen Universität Wien (Josephinum),9,Währinger Straße 25,http://www.josephinum.meduniwien.ac.at/josephinum/museum-im-josephinum/,51719,
MUSEUMOGD.51720,POINT (16.35281960920842 48.21925434063441),Museum des Instituts für Gerichtliche Medizin,9,Sensengasse 2,http://www.meduniwien.ac.at/gerichtsmedizin,51720,
MUSEUMOGD.51721,POINT (16.366517189915985 48.21198548992213),MOYA - Museum Of Young Art,1,Renngasse 4,http://www.moya-vienna.at/,51721,
MUSEUMOGD.51722,POINT (16.37490522065433 48.20815880271996),Mozarthaus Vienna,1,Domgasse 5,http://www.mozarthausvienna.at,51722,
MUSEUMOGD.51732,POINT (16.365764493600416 48.20937479786392),Esperantomuseum,1,Herrengasse 9,http://www.onb.ac.at/esperantomuseum.htm/,51732,
MUSEUMOGD.51733,POINT (16.365702514057062 48.209455392715086),Globenmuseum,1,Herrengasse 9,http://www.onb.ac.at/globenmuseum.htm/,51733,
MUSEUMOGD.51734,POINT (16.36737943446084 48.20602602915831),Kartensammlung,1,Josefsplatz 1,http://www.onb.ac.at/sammlungen/karten/index.htm,51734,
MUSEUMOGD.51735,POINT (16.37257557874881 48.20472543074367),Grillparzer-Gedenkzimmer,1,Johannesgasse 6/2,http://www.wien.gv.at/ma53/museen/grill.htm,51735,
MUSEUMOGD.51736,POINT (16.412059974531036 48.19160770025037),Österreichisches Staatsarchiv,3,Nottendorfer Gasse 2,http://www.oesta.gv.at/,51736,
MUSEUMOGD.51737,POINT (16.368048466588707 48.20339318063333),Österreichisches Volksliedwerk,1,Operngasse 6,http://www.volksliedwerk.at,51737,
MUSEUMOGD.51738,POINT (16.35895544522465 48.25483038108099),St. Jakobs-Kirche Heiligenstadt,19,Pfarrplatz 3,http://www.wien.gv.at/ma53/museen/jakob.htm,51738,
MUSEUMOGD.51739,POINT (16.357707793946954 48.22747110750475),Lichtentaler Pfarrmuseum,9,Marktgasse 40,http://www.wien.gv.at/ma53/museen/li-pf.htm,51739,
MUSEUMOGD.51740,POINT (16.36673530155235 48.20833718000617),Looshaus,1,Michaelerplatz 3,http://www.designzonelooshaus.at/html/m_home.html,51740,
MUSEUMOGD.51741,POINT (16.34704097169151 48.198724067514235),Hofmobiliendepot - Möbel Museum Wien,7,Andreasgasse 7,http://www.hofmobiliendepot.at,51741,
MUSEUMOGD.51742,POINT (16.313130431070675 48.1865294147994),Schloß Schönbrunn (Museum),13,Schönbrunner Schloßstraße 47,http://www.schoenbrunn.at/,51742,
MUSEUMOGD.51743,POINT (16.365279967974566 48.21193581807636),Museum im Schottenstift,1,Freyung 6/1,http://www.schottenstift.at,51743,
MUSEUMOGD.51744,POINT (16.36304329696928 48.21861442019704),Sigmund Freud Museum,9,Berggasse 19,http://www.freud-museum.at,51744,
MUSEUMOGD.51745,POINT (16.483066306466153 48.21779200138615),Sondermuseum Aspern Essling 1809,22,Asperner Heldenplatz 9,http://www.wien.gv.at/vadb/internet/AdvPrSrv.asp?Layout=VAErgebnis_neu&Type=K&ID=317619&HKAT=&KAT=&KATEGORIE_ID=&UNTKATVON=&brckat=&brckatu=&return=,51745,
MUSEUMOGD.51746,POINT (16.356990774634976 48.21187377508319),MUSA MUSEUM (Startgalerie Artothek),1,Felderstraße 6-8,http://www.musa.at,51746,
MUSEUMOGD.51747,POINT (16.356571535742578 48.2109367621497),Rathaus (Führungen),1,Friedrich-Schmidt-Platz 1,http://www.wien.gv.at/verwaltung/rathaus/fuehrung/fuss/index.html,51747,
MUSEUMOGD.51748,POINT (16.318087797489294 48.19102779953244),Technisches Museum,14,Mariahilfer Straße 212,http://www.technischesmuseum.at/,51748,
MUSEUMOGD.51749,POINT (16.430336543946602 48.2520655881624),"Museum für Beschirrung und Besattelung, Hufbeschlag und Veterinär-Orthopädie",21,Josef-Baumann-Gasse 1,http://www.wien.gv.at/ma53/museen/huf.htm,51749,
MUSEUMOGD.51750,POINT (16.383925000647036 48.191674660052875),Botanischer Garten der Universität Wien,3,Rennweg 14,http://www.botanik.univie.ac.at/hbv/,51750,
MUSEUMOGD.51751,POINT (16.348925558364467 48.23351995460781),Sammlung des Institutes für Ur- und Frühgeschichte,19,Franz-Klein-Gasse 1,http://ufgsammlung.univie.ac.at/,51751,
MUSEUMOGD.51752,POINT (16.50011513706473 48.25156604396294),Erstes Wiener Schulmuseum,22,Breitenleer Straße 263 263,http://www.wienerschulmuseum.at/,51752,
MUSEUMOGD.51753,POINT (16.354699535768223 48.19205129716989),Archiv und Sammlung für Geschichte der Arbeiterbewegung,5,Rechte Wienzeile 97,http://www.vga.at/,51753,
MUSEUMOGD.51754,POINT (16.34813863378377 48.22668678045832),Das Sprachinselmuseum,18,Semperstraße 29,http://www.sprachinselverein.at/ger/sp_museum.htm,51754,
MUSEUMOGD.51755,POINT (16.342113116267967 48.20193509149042),WestLicht. Schauplatz für Fotografie,7,Westbahnstraße 40,http://www.westlicht.com,51755,
MUSEUMOGD.51756,POINT (16.373174930486762 48.20379462416162),Haus der Musik - Das Klangmuseum,1,Seilerstätte 30,http://www.hdm.at,51756,
MUSEUMOGD.51521,POINT (16.362322461500035 48.212421533619334),Beethoven Pasqualatihaus,1,Mölker Bastei 8,http://www.wienmuseum.at/de/standorte/ansicht/beethoven-pasqualatihaus.html,51521,
MUSEUMOGD.51522,POINT (16.34516042375056 48.194318555401416),Haydnhaus (mit Brahms-Gedenkraum),6,Haydngasse 19,http://www.wienmuseum.at/de/standorte/ansicht/haydnhaus.html,51522,
MUSEUMOGD.51523,POINT (16.387293440657633 48.21596397829956),Johann Strauß Wohnung,2,Praterstraße 54,http://www.wienmuseum.at/de/standorte/ansicht/johann-strauss-wohnung.html,51523,
MUSEUMOGD.51524,POINT (16.371202659528823 48.21082979827357),Neidhart-Fresken,1,Tuchlauben 19,http://www.wienmuseum.at/de/standorte/ansicht/neidhart-fresken.html,51524,
MUSEUMOGD.51525,POINT (16.39506889637489 48.21602976708153),Pratermuseum,2,Oswald-Thomas-Platz 1,http://www.wienmuseum.at/de/standorte/ansicht/pratermuseum.html,51525,
MUSEUMOGD.51526,POINT (16.372715998744194 48.21070944662263),Römermuseum,1,Hoher Markt 3,http://www.wienmuseum.at/de/standorte/ansicht/roemermuseum.html,51526,
MUSEUMOGD.51527,POINT (16.3552615680088 48.227534854005455),Schubert Geburtshaus,9,Nußdorfer Straße 54,http://www.wienmuseum.at/de/standorte/ansicht/schubert-geburtshaus.html,51527,
MUSEUMOGD.51528,POINT (16.361443099009584 48.19463330235622),Schubert Sterbewohnung,4,Kettenbrückengasse 6,http://www.wienmuseum.at/de/standorte/ansicht/schubert-sterbewohnung-1.html,51528,
MUSEUMOGD.51529,POINT (16.37285532813265 48.19935173254054),Wien Museum Karlsplatz,4,Karlsplatz 8,http://www.wienmuseum.at/de/standorte/ansicht/wien-museum-karlsplatz.html,51529,
MUSEUMOGD.51530,POINT (16.356874124196953 48.211891782612),Artothek (Bildleihstelle),1,Felderstraße 6-8,http://www.musa.at/artothek,51530,
MUSEUMOGD.51531,POINT (16.372860731497276 48.2003220960417),"Gesellschaft der Musikfreunde in Wien (Archiv, Bibliothek und Sammlungen)",1,Bösendorferstraße 12,http://www.musikverein.at/dermusikverein/archiv.php,51531,
MUSEUMOGD.51532,POINT (16.384306804393198 48.282814583666195),1. Wiener Fischereimuseum des Verbandes der Österreichischen Arbeiter-Fischerei-Vereine,21,Einzingerstraße 1A,http://www.fischereimuseum.at,51532,
MUSEUMOGD.51533,POINT (16.420585029810507 48.13205986314228),Johanneskirche Unterlaa (Ausgrabungen und Schauraum),10,Klederinger Straße ,http://www.wien.gv.at/ma53/museen/johann.htm,51533,
MUSEUMOGD.51534,POINT (16.35950040144693 48.215274506990745),Votivkirche (Museum),9,Rooseveltplatz ,http://www.votivkirche.at/_museum.htm,51534,
MUSEUMOGD.51535,POINT (16.30284950653081 48.18413462047979),Palmenhaus Schönbrunn,13,Schloß Schönbrunn ,http://www.schoenbrunn.at/?id=312,51535,
MUSEUMOGD.51536,POINT (16.511563531982002 48.18710782485646),Lobaumuseum,22,Lobau ,http://www.zukunftsbezirk-donaustadt.at/museuminfo/lobaum.html,51536,
MUSEUMOGD.51537,POINT (16.365191454812027 48.20557298850428),Papyrusmuseum,1,Heldenplatz ,http://www.onb.ac.at/sammlungen/papyrus.htm,51537,
MUSEUMOGD.51538,POINT (16.36635917313003 48.20546899522155),Schmetterlinghaus,1,Burggarten ,http://www.schmetterlinghaus.at/,51538,
MUSEUMOGD.51539,POINT (16.36595033653272 48.20781488322389),Silberkammer,1,Hofburg Kaiserstiege ,http://www.hofburg-wien.at/wissenswertes/silberkammer.html,51539,
MUSEUMOGD.51540,POINT (16.369247141538498 48.211954022424976),Museum Judenplatz,1,Judenplatz 8,http://www.jmw.at/museum-judenplatz,51540,
MUSEUMOGD.51541,POINT (16.336700932368807 48.274972501396924),Kahlenbergermuseum,19,Am Kahlenberg ,http://www.wien.gv.at/ma53/museen/kahl.htm,51541,
MUSEUMOGD.51542,POINT (16.364678026194866 48.20526680973199),Sammlung alter Musikinstrumente,1,Hofburg ,http://www.khm.at/besuchen/sammlungen/sammlung-alter-musikinstrumente/,51542,
MUSEUMOGD.51543,POINT (16.364951077475897 48.20516574798765),Ephesos Museum,1,Hofburg ,http://www.khm.at/besuchen/sammlungen/ephesos-museum/,51543,
MUSEUMOGD.51544,POINT (16.365263979754037 48.20535326667771),Hofjagd- und Rüstkammer,1,Hofburg ,http://www.khm.at/besuchen/sammlungen/hofjagd-und-ruestkammer/,51544,
MUSEUMOGD.51545,POINT (16.361561479820697 48.203873240440814),Kunsthistorisches Museum,1,Maria-Theresien-Platz ,http://www.khm.at,51545,
MUSEUMOGD.51546,POINT (16.30960467448964 48.186618499902316),Wagenburg und Monturdepot,13,Schloß Schönbrunn ,http://www.kaiserliche-wagenburg.at/,51546,
MUSEUMOGD.51547,POINT (16.365535755958078 48.20678230360438),Weltliche Schatzkammer,1,Schweizerhof ,http://www.kaiserliche-schatzkammer.at/fr/besuchen/sammlungen/weltliche-schatzkammer/,51547,
MUSEUMOGD.51548,POINT (16.359942943795307 48.20507984380724),Naturhistorisches Museum,1,Maria-Theresien-Platz ,http://www.nhm-wien.ac.at,51548,
MUSEUMOGD.51549,POINT (16.361568290982763 48.18814166560236),Restituta-Dokumentation - Glaube gegen NS-Gewalt,5,Nikolsdorfer Gasse 26-36,http://www.franziskanerinnen.org/index.php?id=30,51549,
MUSEUMOGD.51550,POINT (16.365404309506083 48.20583895265099),"Flugblätter-, Plakate- und Exlibris-Sammlung",1,Heldenplatz ,http://www.onb.ac.at/index.htm,51550,
MUSEUMOGD.51551,POINT (16.373001517754165 48.200613610076026),Vereinsmuseum des Wiener Männergesang-Vereins,1,Bösendorferstraße 12,http://www.wienermaennergesang-verein.at/Vereinsmuseum/32/,51551,
MUSEUMOGD.51552,POINT (16.365770164632963 48.2077816551808),Kaiserappartements,1,Hofburg Kaiserstiege ,http://www.hofburg-wien.at/wissenswertes/kaiserappartements.html,51552,
MUSEUMOGD.51553,POINT (16.36567429349837 48.20764849095892),Sisi Museum,1,Hofburg Kaiserstiege ,http://www.hofburg-wien.at/wissenswertes/sisi-museum.html,51553,
MUSEUMOGD.51554,POINT (16.304166893631717 48.1821606226412),Tiergarten Schönbrunn,13,Schönbrunner Schloßpark ,http://www.zoovienna.at/,51554,
MUSEUMOGD.51555,POINT (16.523976824427244 48.2162364872217),Eßlinger Schüttkasten,22,Simonsgasse ,http://pfarre.aspern.at/Chronik/Geschichte/spuren1809.php,51555,
MUSEUMOGD.51556,POINT (16.2830740763764 48.188545006349806),Klimt-Atelier Hietzing,13,Feldmühlgasse 11,http://www.klimt.at/default2.html,51556,
MUSEUMOGD.51557,POINT (16.366617094668044 48.20798135147304),Ausgrabungen Michaelerplatz,1,Michaelerplatz ,http://www.wienmuseum.at/de/standorte/ansicht/ausgrabungen-michaelerplatz.html,51557,
MUSEUMOGD.51558,POINT (16.305975010641163 48.18751800778696),Otto Wagner Hofpavillon Hietzing,13,Schönbrunner Schloßstraße ,http://www.wienmuseum.at/de/standorte/ansicht/otto-wagner-hofpavillon-hietzing.html,51558,
MUSEUMOGD.51559,POINT (16.370277982272484 48.200261110749466),Otto Wagner Pavillon Karlsplatz,1,Karlsplatz ,http://www.wienmuseum.at/de/standorte/ansicht/otto-wagner-pavillon-karlsplatz.html,51559,
MUSEUMOGD.51560,POINT (16.367962864650877 48.2117748463929),Römische Baureste am Hof,1,Am Hof ,http://www.wienmuseum.at/de/standorte/ansicht/roemische-baureste-am-hof.html,51560,
MUSEUMOGD.51561,POINT (16.371856767834156 48.20821060398186),Virgilkapelle,1,Stephansplatz (U-Bahn) ,http://www.wienmuseum.at/de/standorte/ansicht/virgilkapelle-1.html,51561,
MUSEUMOGD.51562,POINT (16.36590683357332 48.206578872052376),Wiener Hofmusikkapelle (Hofburgkapelle),1,Schweizerhof ,http://www.hofburgkapelle.at,51562,
MUSEUMOGD.51563,POINT (16.349661954385272 48.196755087121666),Condomi-Museum,6,Esterhazygasse 26,http://www.liebens-wert.at/veranstaltungen/condomi-museum,51563,
MUSEUMOGD.51564,POINT (16.367321712584243 48.20866985947134),K.u.K. Hofzuckerbäckerei Demel,1,Kohlmarkt 14,http://www.demel.at/frames/index_wien_museum.htm,51564,
MUSEUMOGD.51565,POINT (16.367733106635875 48.20554389774492),Augustinerkirche,1,Augustinerstraße 3,http://www.augustinerkirche.at/augustinus.php,51565,
MUSEUMOGD.51566,POINT (16.358991487315503 48.20352601553791),Designforum,7,Museumsplatz 1,http://www.designforum.at/w/,51566,
MUSEUMOGD.51567,POINT (16.3958869585799 48.21664690485704),Riesenrad,2,Prater ,http://www.wienerriesenrad.at,51567,
MUSEUMOGD.51568,POINT (16.396116689820442 48.217590617566024),Madame Tussauds,2,Riesenradplatz ,http://www.madametussauds.com/wien,51568,
MUSEUMOGD.51569,POINT (16.366687437860126 48.20749183408083),Spanische Hofreitschule,1,Michaelerplatz 1,http://www.srs.at/,51569,
MUSEUMOGD.51570,POINT (16.405455150411697 48.21935134671703),Circus- und Clownmuseum Wien,2,Ilgplatz 7/1,http://www.bezirksmuseum.at/default/index.php?id=53,51570,
MUSEUMOGD.51571,POINT (16.304001692657778 48.211595933810706),Erstes österreichisches Pflegemuseum,16,Montleartstraße 37,http://www.wienkav.at/kav/ausbildung/allgemein/wil/ZeigeText.asp?ID=38141,51571,
MUSEUMOGD.51572,POINT (16.29152329488393 48.17587798135076),ORF-Backstage Führungen,13,Würzburggasse 30,http://backstage.orf.at/index.html,51572,
MUSEUMOGD.51573,POINT (16.393270864392363 48.20771001376135),Fälschermuseum,3,Löwengasse 28,http://www.faelschermuseum.com,51573,
MUSEUMOGD.51574,POINT (16.401418925408333 48.26195262386963),Marktamtsmuseum,21,Floridsdorfer Markt 5,http://www.wien.gv.at/wirtschaft/marktamt/museum/,51574,
MUSEUMOGD.51575,POINT (16.354776408711043 48.22103981003003),Sparefroh-Haus im Bezirksmuseum Alsergrund,9,Währinger Straße 43,http://www.bezirksmuseum.at/default/index.php?id=1037,51575,
MUSEUMOGD.51576,POINT (16.321971887284935 48.183535827822965),Zauberkasten Museum,12,Schönbrunner Straße 262,http://www.zauberkasten-museum.at/,51576,
MUSEUMOGD.51577,POINT (16.397688615446015 48.24507822068404),Islamisches Zentrum (Moschee),21,Bruckhaufen 3,http://www.izwien.at/,51577,
MUSEUMOGD.51578,POINT (16.371745859153794 48.19846472413211),Karlskirche,4,Karlsplatz ,http://www.karlskirche.at,51578,
MUSEUMOGD.51579,POINT (16.278808464624337 48.21051011739085),OTTO WagnerKirche am Steinhof,14,Baumgartner Höhe 1,http://www.wienkav.at/kav/texte_anzeigen.asp?id=2268,51579,
MUSEUMOGD.51580,POINT (16.253414956632437 48.147630684092064),Kirche zur Heiligsten Dreifaltigkeit,23,Georgsgasse/Rysergasse ,http://www.georgenberg.at,51580,
MUSEUMOGD.51581,POINT (16.367171697131692 48.20800719297125),Michaelerkirche,1,Michaelerplatz ,http://www.michaelerkirche.at/content/michaelerkirche/0,51581,
MUSEUMOGD.51582,POINT (16.381129587643926 48.20997153345094),Wagner: Werk Museum Postsparkasse,1,Georg-Coch-Platz 2,http://www.ottowagner.com/oesterreichische-postsparkasse/,51582,
MUSEUMOGD.51583,POINT (16.3944212990101 48.203331338804425),Wittgenstein-Haus,3,Parkgasse 18,http://www.haus-wittgenstein.at,51583,
MUSEUMOGD.51584,POINT (16.394973785108984 48.21616938978538),Planetarium,2,Oswald-Thomas-Platz 1,http://www.planetarium-wien.at/astronomie_planetarium.html,51584,
MUSEUMOGD.51585,POINT (16.37288641827809 48.20856802727681),Stephansdom,1,Stephansplatz ,http://www.stephanskirche.at,51585,
MUSEUMOGD.51586,POINT (16.4386154972367 48.15118217448464),Zentralfriedhof (Ehrengräber),11,Simmeringer Hauptstraße 234,http://www.friedhoefewien.at/eportal/ep/programView.do/pageTypeId/13576/programId/16165/channelId/-26733,51586,
MUSEUMOGD.51587,POINT (16.37362856414469 48.21077147466796),Ankeruhr,1,Hoher Markt 10-11,http://www.helvetia.at/ueberhelvetia/anker_uhr/,51587,
MUSEUMOGD.51588,POINT (16.37471636610196 48.211614133966705),Synagoge,1,Seitenstettengasse 4,http://www.jmw.at/de/synagoge,51588,
MUSEUMOGD.51589,POINT (16.339065257653726 48.194916025110594),Museum für Verhütung und Schwangerschaftsabbruch,15,Mariahilfer Gürtel 37,http://de.muvs.org/museum/info/,51589,
MUSEUMOGD.51590,POINT (16.38367823710752 48.18577162092361),21er Haus (Österreichische Kunst von 1945 bis heute),3,Arsenalstraße 1,http://www.21erhaus.at/de,51590,
MUSEUMOGD.51591,POINT (16.246126410677192 48.17071683538576),Hermesvilla,13,Lainzer Tiergarten ,http://www.wienmuseum.at/de/standorte/ansicht/hermesvilla.html,51591,
MUSEUMOGD.51592,POINT (16.359070977934014 48.20799057437525),Parlament,1,Dr.-Karl-Renner-Ring 3,http://www.parlament.gv.at/GEBF/,51592,
MUSEUMOGD.51593,POINT (16.30169103542793 48.184819293201336),Wüstenhaus,13,Schloß Schönbrunn ,http://www.zoovienna.at/anlagen/wuestenhaus/,51593,
MUSEUMOGD.51594,POINT (16.416865186117636 48.23465454791308),UNO-City,22,Wagramer Straße 3-5,http://www.unis.unvienna.org,51594,
MUSEUMOGD.51595,POINT (16.3616802270329 48.20378328219139),Museumsbibliothek,1,Burgring 5,http://www.khm.at/besuchen/sammlungen/museumsbibliothek/,51595,
MUSEUMOGD.51596,POINT (16.374578461895435 48.22938555946921),Gedenkstätte Karajangasse,20,Karajangasse 14,http://www.erinnern.at/bundeslaender/oesterreich/gedaechtnisorte-gedenkstaetten/katalog/gedenkstaette_karajangasse,51596,
MUSEUMOGD.51597,POINT (16.472996136913338 48.23702225745784),Blumengarten und Palmenhaus Hirschstetten,22,Quadenstrasse 15,http://www.wien.gv.at/umwelt/parks/blumengaerten-hirschstetten/index.html,51597,
MUSEUMOGD.51598,POINT (16.381661448262534 48.21117353111768),Bawag Contemporay,1,Franz-Josefs-Kai 3,http://www.bawag-foundation.at,51598,
MUSEUMOGD.51599,POINT (16.372371674189893 48.19661291943749),das weisse haus,4,Argentinierstraße 11,http://www.dasweissehaus.at/,51599,
MUSEUMOGD.51600,POINT (16.412066083420935 48.23328295000962),Strabag Kunstforum,22,Donau-City-Straße 9,http://www.strabag-kunstforum.at,51600,
MUSEUMOGD.51601,POINT (16.36177497322282 48.20385430718459),Kunstkammer,1,Maria-Theresien-Platz ,http://www.khm.at/besuchen/sammlungen/kunstkammer-wien/,51601,
MUSEUMOGD.51602,POINT (16.358809538481903 48.20368909813),quartier21,1,Museumsplatz ,http://www.quartier21.at,51602,
MUSEUMOGD.51603,POINT (16.36069820614219 48.201672706303526),Österreichische Friedrich und Lillian Kiesler Privatstiftung,6,Mariahilfer Straße 1b/Top 1 ,http://www.kiesler.org,51603,
MUSEUMOGD.51604,POINT (16.372889223007963 48.19915809827845),Grillparzer-Zimmer im Wien Museum Karlsplatz,4,Karlsplatz 8,http://www.wienmuseum.at/de/standorte/ansicht/wien-museum-karlsplatz.html,51604,
MUSEUMOGD.51605,POINT (16.37495108407431 48.20813774317649),Mozartwohnung,1,Domgasse 5,http://www.wienmuseum.at/de/standorte/ansicht/mozartwohnung-1.html,51605,
MUSEUMOGD.51606,POINT (16.324789312035236 48.16650414932372),Palais Kabelwerk,12,Oswaldgasse 35A,http://palaiskabelwerk.at,51606,
MUSEUMOGD.51607,POINT (16.486182846452557 48.257708664930945),Das 48er-Museum,22,Rautenweg 83,http://www.wien.gv.at/umwelt/ma48/beratung/deponiebesichtigung.html,51607,
MUSEUMOGD.51608,POINT (16.359621873636822 48.2065728680243),Palais Epstein,1,Dr.-Karl-Renner-Ring 1,http://www.parlament.gv.at/GEBF/EPSTEIN/,51608,
MUSEUMOGD.51609,POINT (16.364873785532783 48.252072213199504),Museum im Waschsalon,19,Halteraugasse 7,http://www.dasrotewien-waschsalon.at,51609,
MUSEUMOGD.51610,POINT (16.368205431211358 48.20819788762049),Time Travel Vienna,1,Habsburgergasse 10A,http://www.timetravel-vienna.at/,51610,
MUSEUMOGD.51611,POINT (16.38938786093924 48.172103865976226),OstLicht .Galerie für Fotografie,10,Absberggasse 27,http://www.ostlicht.at/,51611,
MUSEUMOGD.51612,POINT (16.348789778617864 48.19235078609757),Österreichische Mediathek,6,Gumpendorfer Straße 95,http://www.mediathek.at,51612,
MUSEUMOGD.51613,POINT (16.365815752556497 48.20707028298312),Geistliche Schatzkammer,1,Hofburg-Schweizerhof ,http://www.kaiserliche-schatzkammer.at/besuchen/sammlungen/geistliche-schatzkammer/,51613,
MUSEUMOGD.51614,POINT (16.352103353586518 48.21002250735046),Bäckermuseum,8,Lange Gasse 34,http://www.backstube.at/museu_de.htm/,51614,
MUSEUMOGD.51615,POINT (16.338051260440785 48.18276883196643),Brennpunkt - Museum der Heizkultur Wien (vormals Heizungsmuseum),12,Malfattigasse 4,http://www.heizungsmuseum.at/,51615,
MUSEUMOGD.51616,POINT (16.338640466913667 48.21337481423052),Fiakermuseum,17,Veronikagasse 12,http://www.wien.info/de/orte/fiakermuseum,51616,
MUSEUMOGD.51617,POINT (16.36835401939565 48.2047288527496),Österreichisches Filmmuseum,1,Augustinerstraße 1,http://www.filmmuseum.at,51617,
MUSEUMOGD.51618,POINT (16.377792262924284 48.20949030971151),Alte Schmiede,1,Schönlaterngasse 9,http://www.alte-schmiede.at,51618,
MUSEUMOGD.51619,POINT (16.335627624410243 48.177262748795215),Alt-Wiener Schnapsmuseum,12,Wilhelmstraße 19,http://www.schnapsmuseum.com,51619,
MUSEUMOGD.51620,POINT (16.352246807390227 48.21052889284798),Bezirksmusem Josefstadt (Stefan-Zweig-Archiv),8,Schmidgasse 18,http://www.bezirksmuseum.at/default/index.php?id=37,51620,
MUSEUMOGD.51621,POINT (16.354689359075852 48.22110016825693),Bezirksmuseum Alsergrund,9,Währinger Straße 43,http://www.bezirksmuseum.at/default/index.php?id=35&L=0,51621,
MUSEUMOGD.51622,POINT (16.382922687193403 48.23426582567001),Bezirksmuseum Brigittenau,20,Dresdner Straße 79,http://www.bezirksmuseum.at/default/index.php?id=47,51622,
MUSEUMOGD.51623,POINT (16.355727303867468 48.24308462420783),Bezirksmuseum Döbling,19,Döblinger Hauptstraße 96,http://www.bezirksmuseum.at/default/index.php?id=46,51623,
MUSEUMOGD.51624,POINT (16.355755239518547 48.2429063757377),Bezirksmuseum Döbling (Weinbaumuseum),19,Döblinger Hauptstraße 96,http://www.bezirksmuseum.at/default/index.php?id=46,51624,
MUSEUMOGD.51625,POINT (16.447426613342657 48.248897229866806),Bezirksmuseum Donaustadt,22,Kagraner Platz 54,http://www.bezirksmuseum.at/default/index.php?id=49,51625,
MUSEUMOGD.51626,POINT (16.383420200935756 48.152090968588396),Bezirksmuseum Favoriten,10,Ada-Christen-Gasse 2/C,http://www.bezirksmuseum.at/default/index.php?id=36,51626,
MUSEUMOGD.51627,POINT (16.393992250372367 48.26359874437806),Bezirksmuseum Floridsdorf,21,Prager Straße 33,http://www.bezirksmuseum.at/default/index.php?id=48,51627,
MUSEUMOGD.51628,POINT (16.333133991755858 48.21790502350851),Bezirksmuseum Hernals,17,Hernalser Hauptstraße 72-74,http://www.bezirksmuseum.at/default/index.php?id=44,51628,
MUSEUMOGD.51629,POINT (16.301591536183697 48.185595197875855),Bezirksmuseum Hietzing,13,Am Platz 2,http://www.bezirksmuseum.at/default/index.php?id=40,51629,
MUSEUMOGD.51630,POINT (16.371009229741656 48.211897526649665),Bezirksmuseum Innere Stadt,1,Wipplingerstraße 6-8,http://www.bezirksmuseum.at/default/index.php?id=26&L=0,51630,
MUSEUMOGD.51631,POINT (16.35207982350757 48.21050463468106),Bezirksmuseum Josefstadt,8,Schmidgasse 18,http://www.bezirksmuseum.at/default/index.php?id=37,51631,
MUSEUMOGD.51632,POINT (16.387790620492456 48.20123679932455),Bezirksmuseum Landstraße,3,Sechskrügelgasse 11,http://www.bezirksmuseum.at/default/index.php?id=30,51632,
MUSEUMOGD.51633,POINT (16.379635083664922 48.216541979586275),Bezirksmuseum Leopoldstadt,2,Karmelitergasse 9,http://www.bezirksmuseum.at/default/index.php?id=28,51633,
MUSEUMOGD.51634,POINT (16.292787845980662 48.14506991957978),Bezirksmuseum Liesing,23,Canavesegasse 24,http://www.bezirksmuseum.at/default/index.php?id=50,51634,
MUSEUMOGD.51635,POINT (16.35417621892554 48.19060563346101),Bezirksmuseum Margareten,5,Schönbrunner Straße 54,http://www.bezirksmuseum.at/default/index.php?id=32,51635,
MUSEUMOGD.51636,POINT (16.352734622730427 48.19376525356135),Bezirksmuseum Mariahilf,6,Mollardgasse 8,http://www.bezirksmuseum.at/default/index.php?id=33&L=0,51636,
MUSEUMOGD.51637,POINT (16.338315088578344 48.18240487157298),Bezirksmuseum Meidling,12,Längenfeldgasse 13-15,http://www.bezirksmuseum.at/default/index.php?id=39,51637,
MUSEUMOGD.51638,POINT (16.35440610602984 48.20311935783886),Bezirksmuseum Neubau,7,Stiftgasse 8,http://www.bezirksmuseum.at/default/index.php?id=34,51638,
MUSEUMOGD.51639,POINT (16.327063501067347 48.209118293421135),Bezirksmuseum Ottakring,16,Richard-Wagner-Platz 19,http://www.bezirksmuseum.at/default/index.php?id=43,51639,
MUSEUMOGD.51640,POINT (16.304930273494165 48.1897759242352),Bezirksmuseum Penzing,14,Penzinger Straße 59,http://www.bezirksmuseum.at/default/index.php?id=41,51640,
MUSEUMOGD.51641,POINT (16.333671487046875 48.19410988963357),Bezirksmuseum Rudolfsheim-Fünfhaus,15,Rosinagasse 4,http://www.bezirksmuseum.at/default/index.php?id=42,51641,
MUSEUMOGD.51642,POINT (16.41347825663673 48.175429845934325),Bezirksmuseum Simmering,11,Enkplatz 2,http://www.bezirksmuseum.at/default/index.php?id=38&L=0,51642,
MUSEUMOGD.51643,POINT (16.342648617820636 48.2266714885635),Bezirksmuseum Währing,18,Währinger Straße 124,http://www.bezirksmuseum.at/default/index.php?id=45&L=0,51643,
MUSEUMOGD.51644,POINT (16.365860946769327 48.19079592186578),Bezirksmuseum Wieden,4,Klagbaumgasse 4,http://www.bezirksmuseum.at/default/index.php?id=31,51644,
MUSEUMOGD.51645,POINT (16.345248932212304 48.19959422616418),Museum der Gold- und Silberschmiedemuseum,7,Zieglergasse 22,http://www.bezirksmuseum.at/default/index.php?id=54&L=0%3Fid%3D192%3Fid%3D49%3Fid%3D362%3Fid%3D360%3Fid%3D107,51645,
MUSEUMOGD.51646,POINT (16.35273677488335 48.193765433113015),Phonomuseum,6,Mollardgasse 8,http://www.bezirksmuseum.at/default/index.php?id=55&L=0%3Fid%3D192%3Fid%3D49%3Fid%3D362%3Fid%3D360%3Fid%3D107,51646,
MUSEUMOGD.51647,POINT (16.36593434677267 48.19073402956326),Rauchfangkehrermuseum,4,Klagbaumgasse 4,http://www.wienerrauchfangkehrer.at/content/tradition/museum.php,51647,
MUSEUMOGD.51648,POINT (16.356586613853842 48.219706894815225),Zahnärztliches Museum,9,Währinger Straße 25A,http://www.zahnmuseum.at,51648,
MUSEUMOGD.51649,POINT (16.377040715143497 48.189632355898034),Bestattungsmuseum,4,Goldeggasse 19,http://www.bestattungsmuseum.at/,51649,
MUSEUMOGD.51650,POINT (16.37377058451992 48.20207133595206),?Wiener Werkstätte?-Museum,1,Schwarzenbergstraße 10,http://www.backhausen.com/index.php?m=museum,51650,
MUSEUMOGD.51651,POINT (16.34210464429874 48.18940019446818),Sanitärhistorisches Museum,6,Mollardgasse 87,http://www.wien.gv.at/ma53/museen/san-his.htm,51651,
MUSEUMOGD.51652,POINT (16.399694786305798 48.206345969101946),Museum des Blindenwesens,2,Wittelsbachstraße 5,http://www.bbi.at/menu/museum.html,51652,
MUSEUMOGD.51653,POINT (16.36248803085829 48.19608115144098),Dritte Mann Museum,4,Preßgasse 25,http://www.3mpc.net,51653,
MUSEUMOGD.51654,POINT (16.318652604985 48.23854957850577),Museum der Erste Bank AG,18,Gersthofer Straße 143,http://www.wien.gv.at/ma53/museen/spar.htm,51654,
MUSEUMOGD.51655,POINT (16.36745639156148 48.2115297420638),Feuerwehrmuseum,1,Am Hof 7,http://www.wien.gv.at/menschen/sicherheit/feuerwehr/museum/,51655,
MUSEUMOGD.51656,POINT (16.38809675458505 48.16200149475418),Museum der Wiener Austria,10,Fischhofgasse 12,http://www.fk-austria.at/MUSEUM.767.0.html,51656,
MUSEUMOGD.51657,POINT (16.37080420293638 48.20518436234451),Erstes Wiener Glasmuseum der Firma Lobmeyr,1,Kärntner Straße 26,http://www.lobmeyr.com/,51657,
MUSEUMOGD.51658,POINT (16.35674495694304 48.183842935391944),Kaffeemuseum,5,Vogelsanggasse 36,http://kaffeemuseum.at/,51658,
MUSEUMOGD.51659,POINT (16.307225374119867 48.24382822481683),Geymüllerschlössel,18,Khevenhüllerstraße 2,http://www.mak.at/aussenstellen/f_aussenstellen.htm,51659,
MUSEUMOGD.51660,POINT (16.37868527185776 48.223615185114284),Porzellanmuseum im Augarten,2,Obere Augartenstraße 1A,http://www.augarten.at/,51660,
MUSEUMOGD.51661,POINT (16.354476440901664 48.21617878533876),Geldmuseum,9,Otto-Wagner-Platz 3,http://www.oenb.at/de/ueber_die_oenb/geldmuseum/geldmuseum.jsp,51661,
MUSEUMOGD.51662,POINT (16.359760461573995 48.21691777463517),Pharma- und Drogistenmuseum Wien,9,Währinger Straße 14,http://www.drogistenverband.at/drogistenmuseum.htm,51662,
MUSEUMOGD.51663,POINT (16.367774055686347 48.206278269589504),Phantasten Museum,1,Josefsplatz 6,http://phantastenmuseum.jimdo.com/,51663,
MUSEUMOGD.51664,POINT (16.325751625874492 48.19997634321622),Pfadfindermuseum,15,Loeschenkohlgasse 25,http://www.pfadfinder-archiv.org/,51664,
MUSEUMOGD.51665,POINT (16.378443678901824 48.21821893045676),Kriminalmuseum,2,Große Sperlgasse 24,http://www.kriminalmuseum.at/krimwien.html,51665,
MUSEUMOGD.51666,POINT (16.265609708748542 48.19743254320199),Rapideum - Vereinsmuseum Rapid,14,Keißlergasse 6,http://www.skrapid.at/243981.html,51666,
